,dishes_name
0,芝士烩波士顿龙虾
1,辣炒鱿鱼
2,麻辣小龙虾
3,孜然羊排
4,"蒙古烤羊腿


"
5,蒜香包
6,清炒菊花菜
7,53度茅台
8,白饭/大碗
9,"番茄炖牛腩


"
10,豌豆薯仔猪骨汤
11,倒立蒸梭子蟹
12,葱姜炒蟹
13,芝士烩波士顿龙虾
14,豌豆薯仔猪骨汤
15,芝士烩波士顿龙虾
16,焖猪手
17,焖猪手
18,自制猪肉脯
19,香菇鸡肉粥
20,芹菜炒腰花
21,爆炒猪肝
22,辣炒鱿鱼
23,清蒸海鱼
24,小米南瓜粥
25, 北冰洋汽水 
26,露露无糖杏仁露
27,自制猪肉脯
28,水煮鱼
29,剁椒鱼头
30,葱姜炒蟹
31,大理石奶油蛋糕
32,芹菜炒腰花
33,冰糖红豆薏米粥
34,核桃葡萄干土司
35,拌土豆丝
36,清蒸海鱼
37,52度泸州老窖 
38,爆炒双丝
39,剁椒鱼头
40,谷稻小庄 
41,大蒜苋菜
42,炝炒大白菜
43,香酥两吃大虾
44,美妙绝伦之白莲花
45,倒立蒸梭子蟹
46,凉拌菠菜
47,辣炒鱿鱼
48,"独家薄荷鲜虾牛肉卷


"
49,辣炒海带丝
50,"照烧鸡腿


"
51,凉拌菠菜
52,培根花菜
53,糖醋蕃茄溜青花
54,蒜香辣花甲
55,蛋挞
56,小米南瓜粥
57,凉拌菠菜
58,南瓜枸杞小饼干
59,小米南瓜粥
60,香酥两吃大虾
61,芝士烩波士顿龙虾
62,油焖麻辣虾
63,"独家薄荷鲜虾牛肉卷


"
64,焖猪手
65,"香烤牛排


"
66,黑米恋上葡萄
67,凉拌菠菜
68,凉拌蒜蓉西兰花
69,美妙绝伦之白莲花
70,五色糯米饭(七色)
71,辣炒鱿鱼
72, 42度海之蓝
73,"香烤牛排


"
74,炝炒大白菜
75,凉拌蒜蓉西兰花
76,白饭/小碗
77,谷稻小庄 
78,木须豌豆
79,孜然羊排
80,清炒菊花菜
81,谷稻小庄 
82,冰糖红豆薏米粥
83,蒜蓉生蚝
84,啤酒鸭
85,广式虾仁肠粉
86,木须豌豆
87,白饭/小碗
88,油焖麻辣虾
89,金玉良缘
90,超人气广式肠粉
91,焖猪手
92,香辣腐乳炒虾
93,自制猪肉脯
94,清蒸蝶鱼
95,美妙绝伦之白莲花
96,炝炒大白菜
97,桂圆肉红豆八宝饭
98,谷稻小庄 
99,凉拌菠菜
100,姜葱炒花蟹
101,超人气广式肠粉
102,爆炒双丝
103,蒜蓉生蚝
104,焖猪手
105,番茄甘蓝
106,美妙绝伦之白莲花
107,凉拌萝卜丝
108,芝士烩波士顿龙虾
109,倒立蒸梭子蟹
110,谷稻小庄 
111,麻辣小龙虾
112,清蒸海鱼
113,五色糯米饭(七色)
114,南瓜枸杞小饼干
115,谷稻小庄 
116,清蒸蝶鱼
117,凉拌蒜蓉西兰花
118,快炒黄鳝
119,百威啤酒罐装
120,青岛啤酒罐装
121,特醇嘉士伯啤酒罐装
122,白胡椒胡萝卜羊肉汤
123,"红酒土豆烧鸭腿


"
124,番茄蛋汤
125,杭椒鸡珍
126,番茄有机花菜
127,拌土豆丝
128,金玉良缘
129,白饭/大碗
130,冬瓜炒苦瓜
131,黑米恋上葡萄
132,牛尾汤
133,意文柠檬汁 
134,大理石奶油蛋糕
135,小米南瓜粥
136,芝士烩波士顿龙虾
137,爆炒鳝碌
138,"蒙古烤羊腿


"
139,豌豆薯仔猪骨汤
140,葱姜炒蟹
141,牛尾汤
142,花蛤蒸蛋
143,焖猪手
144,白饭/小碗
145,南瓜芝士包
146,爆炒猪肝
147,白饭/大碗
148,香辣腐乳炒虾
149,香辣腐乳炒虾
150,谷稻小庄 
151,香酥两吃大虾
152,爆炒双丝
153,油焖麻辣虾
154,红酒炖羊肉
155,香菇鹌鹑蛋
156,自制猪肉脯
157,不加一滴油的酸奶蛋糕
158,芹菜炒腰花
159,剁椒鱼头
160,皮蛋瘦肉粥
161,山药养生粥
162,大蒜苋菜
163,五彩藕苗
164,谷稻小庄 
165,美妙绝伦之白莲花
166,52度泸州老窖 
167,冰糖红豆薏米粥
168,凉拌菠菜
169,"小炒羊腰


"
170,"香辣爆羊肝


"
171,白饭/小碗
172,凉拌菠菜
173,辣炒鱿鱼
174,麻辣小龙虾
175,"独家薄荷鲜虾牛肉卷


"
176,番茄甘蓝
177,西瓜胡萝卜沙拉
178,番茄炖秋葵
179,炝炒大白菜
180,清蒸海鱼
181,凉拌蒜蓉西兰花
182,黄花菜炒木耳
183, 42度海之蓝
184,谷稻小庄 
185,白饭/大碗
186,香酥两吃大虾
187,蒜蓉生蚝
188,辣炒鱿鱼
189,辣炒花蛤
190,辣炒田螺
191,油焖麻辣虾
192,芝士烩波士顿龙虾
193,芝麻烤紫菜
194,辣炒海带丝
195,"泡椒凤爪


"
196,"香烤牛排


"
197,牛尾汤
198,爆炒双丝
199,"蒙古烤羊腿


"
200,自制猪肉脯
201,五彩藕苗
202,拌土豆丝
203,拌土豆丝
204,西瓜胡萝卜沙拉
205,38度剑南春 
206,纸杯蛋糕
207,谷稻小庄 
208,凉拌蒜蓉西兰花
209,白饭/小碗
210,咖啡奶香面包
211,白饭/大碗
212,"红酒土豆烧鸭腿


"
213,冰糖红豆薏米粥
214,香菇鸡肉粥
215,谷稻小庄 
216,冰糖红豆薏米粥
217,香菇鸡肉粥
218,芝士烩波士顿龙虾
219,倒立蒸梭子蟹
220,油焖麻辣虾
221,香菇鹌鹑蛋
222,芝士烩波士顿龙虾
223,焖猪手
224,酸辣藕丁
225,剁椒鱼头
226,干锅田鸡
227,露露无糖杏仁露
228,蒜香辣花甲
229,姜葱炒花蟹
230,炝炒大白菜
231,白饭/小碗
232,番茄炖秋葵
233,重庆特色油烧兔
234,大理石奶油蛋糕
235,"张裕葡萄酒张裕赤霞珠干红


"
236,桂圆肉红豆八宝饭
237,"党参黄芪炖牛尾


"
238,"香烤牛排


"
239,"番茄炖牛腩


"
240,香辣腐乳炒虾
241,香酥两吃大虾
242,辣炒田螺
243,"独家薄荷鲜虾牛肉卷


"
244,芹菜炒腰花
245,香酥两吃大虾
246,芝麻烤紫菜
247,芹菜炒腰花
248,爆炒鸡翅
249,凉拌海带豆芽紫菜
250,"香烤牛排


"
251,西瓜胡萝卜沙拉
252,"蒙古烤羊腿


"
253,清蒸海鱼
254,凉拌萝卜丝
255,拌土豆丝
256,谷稻小庄 
257,海带结豆腐汤
258,清炒菊花菜
259,油焖麻辣虾
260,倒立蒸梭子蟹
261,酸辣汤面
262,"番茄炖牛腩


"
263,杭椒鸡珍
264,麻辣小龙虾
265,意文柠檬汁 
266,一品香酥藕
267,辣炒鱿鱼
268,青炒扁豆
269,蛋挞
270,白饭/大碗
271,剁椒鱼头
272,黑米恋上葡萄
273,炝炒大白菜
274,五色糯米饭(七色)
275,冰糖红豆薏米粥
276,凉拌菠菜
277,路易拉菲红酒干红
278,芝士烩波士顿龙虾
279,冰镇花螺
280,焖猪手
281,水煮鱼
282,超人气广式肠粉
283,红酒炖羊肉
284,"蒙古烤羊腿


"
285,"香烤牛排


"
286, 42度海之蓝
287,培根紫菜卷
288,广式虾仁肠粉
289,大蒜苋菜
290,南瓜芝士包
291,桂圆肉红豆八宝饭
292,"蒙古烤羊腿


"
293,凉拌菠菜
294,黑米恋上葡萄
295,爆炒鸡翅
296,孜然羊排
297,山药养生粥
298,桂圆肉红豆八宝饭
299,剁椒鱼头
300,爆炒双丝
301,"五香酱驴肉


"
302,芝士烩波士顿龙虾
303,孜然羊排
304,西瓜胡萝卜沙拉
305, 北冰洋汽水 
306,香酥两吃大虾
307,凉拌菠菜
308,"香辣爆羊肝


"
309,白饭/小碗
310,番茄有机花菜
311,水煮鱼
312,白饭/小碗
313,快炒黄鳝
314,培根紫菜卷
315,白胡椒胡萝卜羊肉汤
316,意文柠檬汁 
317,小米南瓜粥
318,麻辣小龙虾
319,冰糖红豆薏米粥
320,清蒸蝶鱼
321,露露无糖杏仁露
322,焖猪手
323,一品香酥藕
324,凉拌萝卜丝
325,农夫山泉NFC果汁100%橙汁
326,青岛啤酒罐装
327,重庆特色油烧兔
328,孜然羊排
329,"蒙古烤羊腿


"
330,避风塘炒蟹
331,"五香酱驴肉


"
332,蛋挞
333,一品香酥藕
334,南瓜芝士包
335,清爽拌凉面
336,南瓜枸杞小饼干
337,紫薯面包卷
338,香辣腐乳炒虾
339,干锅田鸡
340,避风塘炒蟹
341,姜葱炒花蟹
342,油焖麻辣虾
343,芝麻烤紫菜
344,路易拉菲红酒干红
345,白饭/大碗
346,香酥两吃大虾
347,百里香奶油烤红酒牛肉
348,"独家薄荷鲜虾牛肉卷


"
349,番茄甘蓝
350,"照烧鸡腿


"
351,辣炒鱿鱼
352,麻辣小龙虾
353,"蒙古烤羊腿


"
354,拌土豆丝
355,意文柠檬汁 
356,"照烧鸡腿


"
357,爆炒双丝
358,芹菜炒腰花
359,炝炒大白菜
360,大蒜苋菜
361,焖猪手
362,"小炒羊腰


"
363,凉拌蒜蓉西兰花
364,凉拌菠菜
365,豌豆薯仔猪骨汤
366,培根花菜
367,青岛啤酒罐装
368,纸杯蛋糕
369, 北冰洋汽水 
370,蒜香辣花甲
371,葱油凉拌藕片
372,小米南瓜粥
373,法国波尔多AOC干红葡萄酒原
374,五色糯米饭(七色)
375,糖醋蕃茄溜青花
376,蛋挞
377,黄尾袋鼠西拉子红葡萄酒
378,老式面包
379,鸡蛋、肉末肠粉
380,葱姜炒蟹
381,南瓜枸杞小饼干
382,辣炒鱿鱼
383,白饭/小碗
384,农夫山泉NFC果汁100%橙汁
385,西瓜胡萝卜沙拉
386,冰糖红豆薏米粥
387,紫薯面包卷
388,凉拌菠菜
389,白饭/大碗
390,五彩豆
391,清爽拌凉面
392,"泡椒凤爪


"
393,白胡椒胡萝卜羊肉汤
394,白胡椒胡萝卜羊肉汤
395,盘蟹蒸蛋
396,香酥两吃大虾
397,皮蛋瘦肉粥
398,冰糖红豆薏米粥
399,红酒炖羊肉
400,农夫山泉NFC果汁100%橙汁
401,五彩藕苗
402,辣炒鱿鱼
403,牛肉鸡蛋肠粉
404,冰糖红豆薏米粥
405,清蒸海鱼
406,辣炒海带丝
407,麻辣小龙虾
408,芝士烩波士顿龙虾
409,重庆特色油烧兔
410,"五香酱驴肉


"
411,白饭/大碗
412,葱姜炒蟹
413,黄油曲奇饼干
414,葱油凉拌藕片
415,谷稻小庄 
416,"泡椒凤爪


"
417,西瓜胡萝卜沙拉
418,白胡椒胡萝卜羊肉汤
419,麻辣小龙虾
420,路易拉菲红酒干红
421,辣炒田螺
422,豌豆薯仔猪骨汤
423,黄花菜炒木耳
424,谷稻小庄 
425,剁椒鱼头
426,南瓜枸杞小饼干
427,焖猪手
428,培根紫菜卷
429,五色糯米饭(七色)
430,白饭/大碗
431,"红酒土豆烧鸭腿


"
432,黄尾袋鼠西拉子红葡萄酒
433,"照烧鸡腿


"
434,木须豌豆
435,凉拌菠菜
436,番茄蛋汤
437,美妙绝伦之白莲花
438,五彩豆
439,香菇鹌鹑蛋
440,自制猪肉脯
441,冬瓜炒苦瓜
442,清蒸海鱼
443,焖猪手
444,五色糯米饭(七色)
445,凉拌菠菜
446,香辣腐乳炒虾
447,倒立蒸梭子蟹
448,芝士烩波士顿龙虾
449,辣炒鱿鱼
450,金玉良缘
451,小米南瓜粥
452,蛋挞
453,辣炒海带丝
454,蒜香辣花甲
455,清蒸蝶鱼
456,清炒菊花菜
457,"番茄炖牛腩


"
458,凉拌萝卜丝
459,拌土豆丝
460,"香烤牛排


"
461,白饭/大碗
462,香酥两吃大虾
463,番茄有机花菜
464,西瓜胡萝卜沙拉
465,盘蟹蒸蛋
466,桂圆肉红豆八宝饭
467,38度剑南春 
468,五色糯米饭(七色)
469,辣炒鱿鱼
470,辣炒花蛤
471,凉拌海带豆芽紫菜
472,白斩鸡
473,啤酒鸭
474,肉丁茄子
475,五彩豆
476,木须豌豆
477,"张裕葡萄酒张裕赤霞珠干红


"
478,长城窖酿解百纳红酒干红葡萄酒
479,纸杯蛋糕
480,白饭/大碗
481,大理石奶油蛋糕
482,打卤面
483,麻辣小龙虾
484,自制猪肉脯
485,水煮鱼
486,炝炒大白菜
487,香辣腐乳炒虾
488,五色糯米饭(七色)
489,蛋挞
490,辣炒花蛤
491,香酥两吃大虾
492,姜葱炒花蟹
493,芝士烩波士顿龙虾
494,百里香奶油烤红酒牛肉
495,"番茄炖牛腩


"
496,孜然羊排
497,凉拌菠菜
498,"独家薄荷鲜虾牛肉卷


"
499,葱油凉拌藕片
500,金玉良缘
501,凉拌萝卜丝
502,不加一滴油的酸奶蛋糕
503,拌土豆丝
504,爆炒双丝
505,快炒黄鳝
506,农夫山泉NFC果汁100%橙汁
507,南瓜枸杞小饼干
508,蒜香包
509,"五香酱驴肉


"
510,咖啡奶香面包
511,干锅田鸡
512,"蒙古烤羊腿


"
513,美妙绝伦之白莲花
514,香酥两吃大虾
515,冬瓜炒苦瓜
516,黄花菜炒木耳
517,黑米恋上葡萄
518,白饭/小碗
519,冰糖红豆薏米粥
520,打卤面
521,爆炒猪肝
522,爆炒双丝
523,清蒸蝶鱼
524,麻辣小龙虾
525,鸡蛋、肉末肠粉
526,谷稻小庄 
527,白胡椒胡萝卜羊肉汤
528,牛肉鸡蛋肠粉
529,白斩鸡
530,油焖麻辣虾
531,重庆特色油烧兔
532,油焖麻辣虾
533,姜葱炒花蟹
534,香菇鹌鹑蛋
535,培根花菜
536,辣炒田螺
537,豌豆薯仔猪骨汤
538,糖醋蕃茄溜青花
539,凉拌菠菜
540,特醇嘉士伯啤酒罐装
541,南瓜枸杞小饼干
542,蒜香包
543,白饭/小碗
544,香菇鹌鹑蛋
545,番茄甘蓝
546,"番茄炖牛腩


"
547,牛尾汤
548,麻辣小龙虾
549,"香烤牛排


"
550,谷稻小庄 
551,西瓜胡萝卜沙拉
552,美妙绝伦之白莲花
553,蒜香辣花甲
554,哈尔滨啤酒罐装
555,芝士烩波士顿龙虾
556,紫薯面包卷
557,"五香酱驴肉


"
558,培根紫菜卷
559,法国波尔多AOC干红葡萄酒原
560,油焖麻辣虾
561,"番茄炖牛腩


"
562,山药养生粥
563,黑米恋上葡萄
564,蒜香辣花甲
565,白胡椒胡萝卜羊肉汤
566,避风塘炒蟹
567,凉拌菠菜
568,牛肉鸡蛋肠粉
569,鸡蛋、肉末肠粉
570,金玉良缘
571,葱油凉拌藕片
572,芝士烩波士顿龙虾
573,芝麻烤紫菜
574,白胡椒胡萝卜羊肉汤
575,露露无糖杏仁露
576,辣炒鱿鱼
577,打卤面
578,蒜蓉生蚝
579,"照烧鸡腿


"
580,酸辣藕丁
581,老式面包
582,牛肉鸡蛋肠粉
583,西瓜胡萝卜沙拉
584,蓝带啤酒罐装
585,香辣腐乳炒虾
586,五彩藕苗
587,蓝带啤酒罐装
588,牛奶卷
589,炝炒大白菜
590,倒立蒸梭子蟹
591,葱姜炒蟹
592,黄油曲奇饼干
593,白饭/大碗
594,葱油凉拌藕片
595,"蒙古烤羊腿


"
596,辣炒鱿鱼
597,冰糖红豆薏米粥
598,姜葱炒花蟹
599,凉拌菠菜
600,53度茅台
601,白饭/大碗
602,"蒙古烤羊腿


"
603,南瓜枸杞小饼干
604,特醇嘉士伯啤酒罐装
605,冰糖红豆薏米粥
606,蒜香包
607,小米南瓜粥
608,山药养生粥
609,孜然羊排
610,油焖麻辣虾
611,老式面包
612,美妙绝伦之白莲花
613,牛尾汤
614,西瓜胡萝卜沙拉
615,爆炒双丝
616,紫薯面包卷
617,路易拉菲红酒干红
618,香酥两吃大虾
619,糖醋蕃茄溜青花
620,38度剑南春 
621,百里香奶油烤红酒牛肉
622,重庆特色油烧兔
623,香辣腐乳炒虾
624,凉拌菠菜
625,辣炒鱿鱼
626,清蒸蝶鱼
627,五色糯米饭(七色)
628,白饭/大碗
629,白斩鸡
630,白斩鸡
631,水煮鱼
632,凉拌菠菜
633,葱姜炒蟹
634,培根紫菜卷
635,剁椒鱼头
636,意文柠檬汁 
637,三丝鳝鱼
638,培根花菜
639,鲜美鳝鱼
640,"蒙古烤羊腿


"
641,鱼香肉丝拌面
642,孜然羊排
643,焖猪手
644,盘蟹蒸蛋
645,桂圆肉红豆八宝饭
646,南瓜芝士包
647,爆炒双丝
648,清蒸蝶鱼
649,谷稻小庄 
650,白胡椒胡萝卜羊肉汤
651,凉拌菠菜
652,番茄有机花菜
653,"小炒羊腰


"
654,清蒸蝶鱼
655,辣炒田螺
656,意文柠檬汁 
657,麻辣小龙虾
658,白胡椒胡萝卜羊肉汤
659,"红酒土豆烧鸭腿


"
660,三色凉拌手撕兔
661,炝炒大白菜
662,青炒扁豆
663,拌土豆丝
664,凉拌菠菜
665,白饭/大碗
666,谷稻小庄 
667,大理石奶油蛋糕
668,白饭/大碗
669,土豆西红柿汤面
670,法国波尔多AOC干红葡萄酒原
671,啤酒鸭
672,清蒸海鱼
673,辣炒鱿鱼
674,蒜蓉生蚝
675,番茄甘蓝
676,白斩鸡
677,爆炒双丝
678,五彩藕苗
679,西瓜胡萝卜沙拉
680,干锅田鸡
681,意文柠檬汁 
682,一品香酥藕
683,清爽拌凉面
684,鱼香肉丝拌面
685,皮蛋瘦肉粥
686,芝士烩波士顿龙虾
687,避风塘炒蟹
688,啤酒鸭
689,蒜香辣花甲
690,"泡椒凤爪


"
691,"张裕葡萄酒张裕赤霞珠干红


"
692,白饭/小碗
693,剁椒鱼头
694,葱油凉拌藕片
695,花蛤蒸蛋
696,"香烤牛排


"
697,"独家薄荷鲜虾牛肉卷


"
698,金玉良缘
699,爆炒鸡翅
700,"蒙古烤羊腿


"
701,倒立蒸梭子蟹
702,水煮鱼
703,番茄有机花菜
704,"党参黄芪炖牛尾


"
705,谷稻小庄 
706,黄花菜炒木耳
707,意文柠檬汁 
708,凉拌蒜蓉西兰花
709,香酥两吃大虾
710,辣炒鱿鱼
711,五彩豆
712,清爽拌凉面
713,蒜香包
714,拌土豆丝
715,五色糯米饭(七色)
716,谷稻小庄 
717,白斩鸡
718,炝炒大白菜
719,意文柠檬汁 
720,美妙绝伦之白莲花
721,凉拌菠菜
722,南瓜枸杞小饼干
723,一品香酥藕
724,辣炒鱿鱼
725,麻辣小龙虾
726,鱼香肉丝拌面
727,盘蟹蒸蛋
728,水煮鱼
729,孜然羊排
730,干锅田鸡
731,"香烤牛排


"
732,五色糯米饭(七色)
733,南瓜芝士包
734,咖啡奶香面包
735,"香辣爆羊肝


"
736,糖醋蕃茄溜青花
737,凉拌菠菜
738,炝炒大白菜
739,桂圆肉红豆八宝饭
740,酸辣汤面
741,葱油凉拌藕片
742,番茄有机花菜
743,凉拌蒜蓉西兰花
744,酸辣藕丁
745,拌土豆丝
746,宝宝版牛肉肠粉
747,五色糯米饭(七色)
748,黑米恋上葡萄
749,53度茅台
750,小米南瓜粥
751,姜葱炒花蟹
752,清爽拌凉面
753,蛋挞
754,焖猪手
755,紫薯面包卷
756,辣炒鱿鱼
757,凉拌菠菜
758,香酥两吃大虾
759,谷稻小庄 
760,"蒙古烤羊腿


"
761,剁椒鱼头
762,美妙绝伦之白莲花
763,桂圆枸杞鸽子汤
764,炝炒大白菜
765,"蒙古烤羊腿


"
766,孜然羊排
767,炝炒大白菜
768,剁椒鱼头
769,蒜蓉生蚝
770,焖猪手
771,炝炒大白菜
772,谷稻小庄 
773,蛋挞
774,大蒜苋菜
775,一品香酥藕
776,白饭/小碗
777,白饭/小碗
778,麻辣小龙虾
779,香酥两吃大虾
780,避风塘炒蟹
781,水煮鱼
782,蒜香辣花甲
783,"香烤牛排
"
784,"党参黄芪炖牛尾
"
785,焖猪手
786,酸辣藕丁
787,凉拌蒜蓉西兰花
788,凉拌菠菜
789,南瓜枸杞小饼干
790, 42度海之蓝
791,意文柠檬汁 
792,香菇鸡肉粥
793,清爽拌凉面
794,超人气广式肠粉
795,油焖麻辣虾
796,皮蛋瘦肉粥
797,水煮鱼
798,意文柠檬汁 
799,美妙绝伦之白莲花
800,南瓜枸杞小饼干
801,桂圆肉红豆八宝饭
802,三色凉拌手撕兔
803,番茄炖秋葵
804,香酥两吃大虾
805,姜葱炒花蟹
806,清蒸海鱼
807,自制猪肉脯
808,水煮鱼
809,冰糖红豆薏米粥
810,山药养生粥
811,芹菜炒腰花
812,辣炒海带丝
813,谷稻小庄 
814,干锅田鸡
815,青炒扁豆
816,白饭/大碗
817,黄花菜炒木耳
818,剁椒鱼头
819,农夫山泉NFC果汁100%橙汁
820,凉拌菠菜
821,白胡椒胡萝卜羊肉汤
822,一品香酥藕
823,紫薯面包卷
824,番茄有机花菜
825,白饭/大碗
826,超人气广式肠粉
827,爆炒鸡翅
828,培根紫菜卷
829,"照烧鸡腿


"
830,"独家薄荷鲜虾牛肉卷


"
831,五彩藕苗
832,意文柠檬汁 
833,凉拌蒜蓉西兰花
834,打卤面
835,大蒜苋菜
836,凉拌菠菜
837,木须豌豆
838,白斩鸡
839,水煮鱼
840,姜葱炒花蟹
841,香辣腐乳炒虾
842,紫薯面包卷
843,麻辣小龙虾
844,辣炒鱿鱼
845,爆炒猪肝
846,白饭/小碗
847,剁椒鱼头
848,自制猪肉脯
849,水煮鱼
850,凉拌菠菜
851,孜然羊排
852,"蒙古烤羊腿


"
853,香酥两吃大虾
854,南瓜枸杞小饼干
855,麻辣小龙虾
856,姜葱炒花蟹
857,凉拌蒜蓉西兰花
858,百里香奶油烤红酒牛肉
859,香菇鹌鹑蛋
860,凉拌菠菜
861,桂圆枸杞鸽子汤
862,葱油凉拌藕片
863,蒜香辣花甲
864,白饭/大碗
865,皮蛋瘦肉粥
866,糖醋蕃茄溜青花
867,黄尾袋鼠西拉子红葡萄酒
868,意文柠檬汁 
869,"香辣爆羊肝


"
870,红酒炖羊肉
871,大蒜苋菜
872,香酥两吃大虾
873,油焖麻辣虾
874,百里香奶油烤红酒牛肉
875,"番茄炖牛腩


"
876,倒立蒸梭子蟹
877,焖猪手
878,西瓜胡萝卜沙拉
879,爆炒猪肝
880,水煮鱼
881,金玉良缘
882,谷稻小庄 
883,打卤面
884,凉拌萝卜丝
885,拌土豆丝
886,五色糯米饭(七色)
887,倒立蒸梭子蟹
888,清蒸蝶鱼
889,白胡椒胡萝卜羊肉汤
890,焖猪手
891,五彩藕苗
892,大蒜苋菜
893,葡萄奶酥(超酥香的饼干)
894,清爽拌凉面
895,五色糯米饭(七色)
896,53度茅台
897,蛋挞
898,"香烤牛排


"
899,番茄甘蓝
900,白饭/大碗
901,芝士烩波士顿龙虾
902,西瓜胡萝卜沙拉
903,"香烤牛排


"
904,凉拌萝卜丝
905,番茄炖秋葵
906,不加一滴油的酸奶蛋糕
907,南瓜枸杞小饼干
908,牛肉鸡蛋肠粉
909,五色糯米饭(七色)
910,路易拉菲红酒干红
911,白胡椒胡萝卜羊肉汤
912,鱼香肉丝拌面
913,葱姜炒蟹
914,麻辣小龙虾
915,蒜蓉生蚝
916,"独家薄荷鲜虾牛肉卷


"
917,凉拌萝卜丝
918,香菇鹌鹑蛋
919,"张裕葡萄酒张裕赤霞珠干红


"
920,意文柠檬汁 
921,清爽拌凉面
922,冰糖红豆薏米粥
923,白饭/大碗
924,水煮鱼
925,玉竹南北杏鸭腿汤
926,孜然羊排
927,"红酒土豆烧鸭腿
"
928,油焖麻辣虾
929,木须豌豆
930,白胡椒胡萝卜羊肉汤
931,肉丁茄子
932,"番茄炖牛腩
"
933,鸡蛋、肉末肠粉
934,清爽拌凉面
935,皮蛋瘦肉粥
936,"香烤牛排
"
937,山药养生粥
938,百里香奶油烤t酒牛肉
939,香辣腐乳炒虾
940,牛尾汤
941,葱姜炒蟹
942,"番茄炖牛腩
"
943,芝士烩波士顿龙虾
944,芝麻烤紫菜
945,白饭/大碗
946,油焖麻辣虾
947,香菇鹌鹑蛋
948,番茄炖秋葵
949,辣炒花蛤
950,五色糯米饭(七色)
951,桂圆肉红豆八宝饭
952,五彩藕苗
953,酸辣藕丁
954,"照烧鸡腿
"
955,豌豆薯仔猪骨汤
956,大蒜苋菜
957,豌豆薯仔猪骨汤
958,焖猪手
959,重庆特色油烧兔
960,啤酒鸭
961,白斩鸡
962,青炒扁豆
963,爆炒猪肝
964,凉拌萝卜丝
965,辣炒鱿鱼
966,52度泸州老窖 
967,香辣腐乳炒虾
968,蛋挞
969,"番茄炖牛腩
"
970,小米南瓜粥
971,香菇鹌鹑蛋
972,酸辣藕丁
973,38度剑南春 
974,爆炒鸡翅
975,南瓜枸杞小饼干
976,白饭/大碗
977,啤酒鸭
978,凉拌蒜蓉西兰花
979,白饭/小碗
980,酸辣藕丁
981,香菇鹌鹑蛋
982,桂圆肉红豆八宝饭
983,山药养生粥
984,凉拌菠菜
985,白饭/小碗
986,水煮鱼
987,黄花菜炒木耳
988,葡萄奶酥(超酥香的饼干)
989,白饭/小碗
990,辣炒鱿鱼
991,麻辣小龙虾
992,凉拌菠菜
993,水煮鱼
994,"蒙古烤羊腿


"
995,豌豆薯仔猪骨汤
996,白饭/小碗
997,焖猪手
998,麻辣小龙虾
999,自制猪肉脯
1000,"蒙古烤羊腿


"
1001,农夫山泉NFC果汁100%橙汁
1002,清蒸蝶鱼
1003,皮蛋瘦肉粥
1004,白胡椒胡萝卜羊肉汤
1005,芹菜炒腰花
1006,水煮鱼
1007,"番茄炖牛腩


"
1008,鲜美鳝鱼
1009,白饭/小碗
1010,麻辣小龙虾
1011,"香辣爆羊肝


"
1012,姜葱炒花蟹
1013,凉拌菠菜
1014,一品香酥藕
1015,鱼香肉丝拌面
1016,"张裕葡萄酒张裕赤霞珠干红


"
1017,葱油凉拌藕片
1018,番茄炖秋葵
1019,辣炒海带丝
1020,番茄甘蓝
1021,五色糯米饭(七色)
1022,芹菜炒腰花
1023,蛋挞
1024,黄尾袋鼠西拉子红葡萄酒
1025,水煮鱼
1026,凉拌菠菜
1027,辣炒鱿鱼
1028,焖猪手
1029,"独家薄荷鲜虾牛肉卷


"
1030,"香烤牛排


"
1031,西瓜胡萝卜沙拉
1032,露露无糖杏仁露
1033,麻辣小龙虾
1034,不加一滴油的酸奶蛋糕
1035,葱姜炒蟹
1036,蛋挞
1037,爆炒鳝碌
1038,盘蟹蒸蛋
1039,"番茄炖牛腩


"
1040,白胡椒胡萝卜羊肉汤
1041,大蒜苋菜
1042,白饭/大碗
1043,谷稻小庄 
1044,焖猪手
1045,油焖麻辣虾
1046,芹菜炒腰花
1047,自制猪肉脯
1048,辣炒鱿鱼
1049,水煮鱼
1050,谷稻小庄 
1051,凉拌菠菜
1052,白胡椒胡萝卜羊肉汤
1053,"蒙古烤羊腿


"
1054,葱油凉拌藕片
1055,"张裕葡萄酒张裕赤霞珠干红


"
1056,白饭/大碗
1057,姜葱炒花蟹
1058,芝士烩波士顿龙虾
1059,豌豆薯仔猪骨汤
1060,焖猪手
1061,芹菜炒腰花
1062,凉拌菠菜
1063,自制猪肉脯
1064,冰糖红豆薏米粥
1065,美妙绝伦之白莲花
1066,炝炒大白菜
1067,剁椒鱼头
1068,凉拌蒜蓉西兰花
1069,"香辣爆羊肝


"
1070,五色糯米饭(七色)
1071,芝士烩波士顿龙虾
1072,水煮鱼
1073,冰糖红豆薏米粥
1074,拌土豆丝
1075,谷稻小庄 
1076,意文柠檬汁 
1077,美妙绝伦之白莲花
1078,露露无糖杏仁露
1079,自制猪肉脯
1080,凉拌海带豆芽紫菜
1081,香酥两吃大虾
1082,香辣腐乳炒虾
1083,凉拌菠菜
1084,香酥两吃大虾
1085,芹菜炒腰花
1086,清蒸海鱼
1087,冰糖红豆薏米粥
1088,清蒸蝶鱼
1089,小米南瓜粥
1090,辣炒鱿鱼
1091,水煮鱼
1092,芝士烩波士顿龙虾
1093,一品香酥藕
1094,凉拌蒜蓉西兰花
1095,谷稻小庄 
1096,"独家薄荷鲜虾牛肉卷


"
1097,打卤面
1098,番茄有机花菜
1099,清爽拌凉面
1100,木须豌豆
1101,小米南瓜粥
1102,"香烤牛排


"
1103,核桃葡萄干土司
1104,蒜香辣花甲
1105,干锅田鸡
1106,香酥两吃大虾
1107,清炒菊花菜
1108,焖猪手
1109,不加一滴油的酸奶蛋糕
1110,爆炒猪肝
1111,农夫山泉NFC果汁100%橙汁
1112,豌豆薯仔猪骨汤
1113,拌土豆丝
1114,西瓜胡萝卜沙拉
1115,香菇鹌鹑蛋
1116,油焖麻辣虾
1117,辣炒海带丝
1118,"香烤牛排
"
1119,白胡椒胡萝卜羊肉汤
1120,麻辣小龙虾
1121,番茄甘蓝
1122,爆炒鸡翅
1123,杭椒鸡珍
1124,凉拌菠菜
1125,白饭/大碗
1126,凉拌菠菜
1127,白饭/大碗
1128,香酥两吃大虾
1129,芝士烩波士顿龙虾
1130,路易拉菲红酒干红
1131,凉拌蒜蓉西兰花
1132,"党参黄芪炖牛尾
"
1133,三色凉拌手撕兔
1134,白斩鸡
1135,爆炒鸡翅
1136,清炒菊花菜
1137,培根花菜
1138, 北冰洋汽水 
1139,老式面包
1140,白饭/大碗
1141,皮蛋瘦肉粥
1142,打卤面
1143,清爽拌凉面
1144,老式面包
1145,肉丁茄子
1146,番茄有机花菜
1147,桂圆枸杞鸽子汤
1148,爆炒猪肝
1149,蒜蓉生蚝
1150,麻辣小龙虾
1151,培根紫菜卷
1152,自制猪肉脯
1153,糖醋蕃茄溜青花
1154,姜葱炒花蟹
1155,豌豆薯仔猪骨汤
1156,自制猪肉脯
1157,剁椒鱼头
1158,芹菜炒腰花
1159,谷稻小庄 
1160,一品香酥藕
1161,凉拌蒜蓉西兰花
1162,凉拌菠菜
1163,芹黄鳝丝
1164,白饭/大碗
1165,重庆特色油烧兔
1166,葱油凉拌藕片
1167,倒立蒸梭子蟹
1168,啤酒鸭
1169,桂圆枸杞鸽子汤
1170,香菇鸡肉粥
1171,清炒菊花菜
1172,"五香酱驴肉


"
1173,黑米恋上葡萄
1174,意文柠檬汁 
1175,黄花菜炒木耳
1176,木须豌豆
1177,白饭/大碗
1178,番茄有机花菜
1179,50度古井贡酒
1180,番茄炖秋葵
1181,白饭/大碗
1182,"照烧鸡腿


"
1183,辣炒鱿鱼
1184,广式虾仁肠粉
1185,蛋挞
1186,黄尾袋鼠西拉子红葡萄酒
1187,意文柠檬汁 
1188,清蒸蝶鱼
1189,蒜香辣花甲
1190,香菇鹌鹑蛋
1191, 北冰洋汽水 
1192,黄尾袋鼠西拉子红葡萄酒
1193,"蒙古烤羊腿


"
1194,白饭/大碗
1195,酸辣藕丁
1196,爆炒猪肝
1197,西瓜胡萝卜沙拉
1198,蛋挞
1199,露露无糖杏仁露
1200,清蒸海鱼
1201,白斩鸡
1202,肉丁茄子
1203,番茄甘蓝
1204,凉拌萝卜丝
1205,谷稻小庄 
1206,白饭/大碗
1207,姜葱炒花蟹
1208,蒜香辣花甲
1209,百里香奶油烤红酒牛肉
1210,水煮鱼
1211,白饭/小碗
1212,姜葱炒花蟹
1213,"党参黄芪炖牛尾


"
1214,油焖麻辣虾
1215,三色凉拌手撕兔
1216,木须豌豆
1217,孜然羊排
1218,美妙绝伦之白莲花
1219,金玉良缘
1220,豌豆薯仔猪骨汤
1221,肉丁茄子
1222,辣炒鱿鱼
1223,鲜美鳝鱼
1224,自制猪肉脯
1225,水煮鱼
1226,麻辣小龙虾
1227,露露无糖杏仁露
1228,打卤面
1229,鱼香肉丝拌面
1230,南瓜芝士包
1231,老式面包
1232,五色糯米饭(七色)
1233,糖醋蕃茄溜青花
1234,葱油凉拌藕片
1235,自制猪肉脯
1236,剁椒鱼头
1237,辣炒鱿鱼
1238,"香辣爆羊肝


"
1239,皮蛋瘦肉粥
1240,南瓜枸杞小饼干
1241,"番茄炖牛腩


"
1242,黑米恋上葡萄
1243,爆炒鸡翅
1244,麻辣小龙虾
1245,谷稻小庄 
1246,皮蛋瘦肉粥
1247,超人气广式肠粉
1248,辣炒田螺
1249,芝士烩波士顿龙虾
1250,爆炒猪肝
1251,自制猪肉脯
1252,辣炒鱿鱼
1253,焖猪手
1254,水煮鱼
1255,油焖麻辣虾
1256,香酥两吃大虾
1257,姜葱炒花蟹
1258,香菇鹌鹑蛋
1259,百里香奶油烤红酒牛肉
1260,"照烧鸡腿


"
1261,"独家薄荷鲜虾牛肉卷


"
1262,"红酒土豆烧鸭腿


"
1263,53度茅台
1264,水煮鱼
1265,香酥两吃大虾
1266,三丝鳝鱼
1267,姜葱炒花蟹
1268,"蒙古烤羊腿
"
1269,意文柠檬汁 
1270,一品香酥藕
1271,啤酒鸭
1272,自制猪肉脯
1273,凉拌蒜蓉西兰花
1274,美妙绝伦之白莲花
1275,土豆西红柿汤面
1276,五色糯米饭(七色)
1277,白饭/小碗
1278,牛肉鸡蛋肠粉
1279,白饭/小碗
1280,油焖麻辣虾
1281,姜葱炒花蟹
1282,麻辣小龙虾
1283,青炒扁豆
1284, 北冰洋汽水 
1285,葡萄奶酥(超酥香的饼干)
1286,麻辣小龙虾
1287,香菇鹌鹑蛋
1288,凉拌菠菜
1289,哈尔滨啤酒罐装
1290,白饭/大碗
1291,香酥两吃大虾
1292,白饭/小碗
1293,番茄甘蓝
1294,麻辣小龙虾
1295,芝士烩波士顿龙虾
1296,倒立蒸梭子蟹
1297,鲜美鳝鱼
1298,葱姜炒蟹
1299,百里香奶油烤红酒牛肉
1300,清炒菊花菜
1301,芹菜炒腰花
1302,"番茄炖牛腩


"
1303,谷稻小庄 
1304,糖醋蕃茄溜青花
1305,五色糯米饭(七色)
1306,50度古井贡酒
1307,油焖麻辣虾
1308,芝士烩波士顿龙虾
1309,焖猪手
1310,蓝带啤酒罐装
1311,"番茄炖牛腩


"
1312,焖猪手
1313,哈尔滨啤酒罐装
1314,"香烤牛排


"
1315,芝士烩波士顿龙虾
1316,黄花菜炒木耳
1317,"张裕葡萄酒张裕赤霞珠干红


"
1318,培根花菜
1319,蒜香辣花甲
1320,小米南瓜粥
1321,皮蛋瘦肉粥
1322,宝宝版牛肉肠粉
1323,白饭/大碗
1324,冰镇花螺
1325,牛尾汤
1326,青炒扁豆
1327,水煮鱼
1328,"独家薄荷鲜虾牛肉卷


"
1329,"照烧鸡腿


"
1330,番茄有机花菜
1331,意文柠檬汁 
1332,白饭/小碗
1333,油焖麻辣虾
1334,芹菜炒腰花
1335,香辣腐乳炒虾
1336,牛尾汤
1337,"党参黄芪炖牛尾


"
1338,凉拌萝卜丝
1339,爆炒双丝
1340,香菇鹌鹑蛋
1341,"蒙古烤羊腿


"
1342,炝炒大白菜
1343,干锅田鸡
1344,孜然羊排
1345,凉拌蒜蓉西兰花
1346,美妙绝伦之白莲花
1347,五色糯米饭(七色)
1348,水煮鱼
1349,麻辣小龙虾
1350,白饭/小碗
1351,五色糯米饭(七色)
1352,法国波尔多AOC干红葡萄酒原
1353,清蒸蝶鱼
1354,自制猪肉脯
1355,皮蛋瘦肉粥
1356,一品香酥藕
1357,南瓜枸杞小饼干
1358,紫薯面包卷
1359,三色凉拌手撕兔
1360,芝麻烤紫菜
1361,葱姜炒蟹
1362,凉拌蒜蓉西兰花
1363,一品香酥藕
1364,白胡椒胡萝卜羊肉汤
1365,干锅田鸡
1366,百威啤酒罐装
1367,冬瓜炒苦瓜
1368,超人气广式肠粉
1369,"五香酱驴肉


"
1370,糖醋蕃茄溜青花
1371,蛋挞
1372,山药养生粥
1373,小米南瓜粥
1374,五色糯米饭(七色)
1375,清蒸海鱼
1376,麻辣小龙虾
1377,自制猪肉脯
1378,"独家薄荷鲜虾牛肉卷


"
1379,"番茄炖牛腩


"
1380,爆炒双丝
1381,大蒜苋菜
1382,番茄有机花菜
1383,谷稻小庄 
1384,白饭/大碗
1385,避风塘炒蟹
1386,辣炒花蛤
1387,辣炒鱿鱼
1388,"番茄炖牛腩
"
1389,油焖麻辣虾
1390,"香辣爆羊肝
"
1391,爆炒猪肝
1392,爆炒猪肝
1393,爆炒鸡翅
1394,清蒸海鱼
1395,糖醋蕃茄溜青花
1396,木须豌豆
1397,水煮鱼
1398,白饭/大碗
1399,自制猪肉脯
1400,皮蛋瘦肉粥
1401,水煮鱼
1402,炝炒大白菜
1403,"香辣爆羊肝


"
1404,白胡椒胡萝卜羊肉汤
1405,五色糯米饭(七色)
1406,百里香奶油烤t酒牛肉
1407,芝士烩波士顿龙虾
1408,金玉良缘
1409,糖醋蕃茄溜青花
1410,清蒸蝶鱼
1411,路易拉菲红酒干红
1412,凉拌海带豆芽紫菜
1413,白斩鸡
1414,白饭/大碗
1415,凉拌萝卜丝
1416,三色凉拌手撕兔
1417,意文柠檬汁 
1418,白饭/大碗
1419,糖醋蕃茄溜青花
1420,蒜蓉生蚝
1421,芝士烩波士顿龙虾
1422,芝士烩波士顿龙虾
1423,黄花菜炒木耳
1424,"小炒羊腰
"
1425,白胡椒胡萝卜羊肉汤
1426,白饭/大碗
1427,西瓜胡萝卜沙拉
1428,"香烤牛排
"
1429,"香烤牛排
"
1430,香酥两吃大虾
1431,红酒炖羊肉
1432,凉拌萝卜丝
1433,番茄甘蓝
1434,番茄炖秋葵
1435,南瓜枸杞小饼干
1436,大蒜苋菜
1437,紫薯面包卷
1438,纸杯蛋糕
1439,哈尔滨啤酒罐装
1440,剁椒鱼头
1441,"小炒羊腰
"
1442,拌土豆丝
1443,桂圆枸杞鸽子汤
1444,番茄有机花菜
1445,拌土豆丝
1446,盘蟹蒸蛋
1447,香辣腐乳炒虾
1448,不加一滴油的酸奶蛋糕
1449,白饭/大碗
1450,麻辣小龙虾
1451,芝士烩波士顿龙虾
1452,红酒炖羊肉
1453,葱姜炒蟹
1454,爆炒猪肝
1455,香菇鸡肉粥
1456,皮蛋瘦肉粥
1457,"香烤牛排


"
1458,白饭/大碗
1459,培根紫菜卷
1460,53度茅台
1461,凉拌菠菜
1462,清蒸蝶鱼
1463,葱姜炒蟹
1464,豌豆薯仔猪骨汤
1465,香酥两吃大虾
1466,盘蟹蒸蛋
1467,炝炒大白菜
1468,白胡椒胡萝卜羊肉汤
1469,一品香酥藕
1470,意文柠檬汁 
1471,西瓜胡萝卜沙拉
1472,麻辣小龙虾
1473,白饭/大碗
1474,"照烧鸡腿


"
1475,芝麻烤紫菜
1476,"蒙古烤羊腿


"
1477,"蒙古烤羊腿


"
1478,黄花菜炒木耳
1479,啤酒鸭
1480,露露无糖杏仁露
1481,辣炒鱿鱼
1482,山药养生粥
1483,鱼香肉丝拌面
1484,清蒸海鱼
1485,凉拌菠菜
1486,"独家薄荷鲜虾牛肉卷


"
1487,南瓜芝士包
1488,蛋挞
1489,白饭/大碗
1490,打卤面
1491,"照烧鸡腿


"
1492,黑米恋上葡萄
1493,葱油凉拌藕片
1494,蒜香包
1495,拌土豆丝
1496,清炒菊花菜
1497,"红酒土豆烧鸭腿


"
1498,打卤面
1499,桂圆肉红豆八宝饭
1500,番茄蛋汤
1501,油焖麻辣虾
1502,皮蛋瘦肉粥
1503,冰糖红豆薏米粥
1504,清蒸海鱼
1505,水煮鱼
1506,辣炒鱿鱼
1507,露露无糖杏仁露
1508,谷稻小庄 
1509,意文柠檬汁 
1510,凉拌菠菜
1511,"香辣爆羊肝


"
1512,凉拌蒜蓉西兰花
1513,打卤面
1514,南瓜枸杞小饼干
1515,"番茄炖牛腩


"
1516,五色糯米饭(七色)
1517,牛奶卷
1518,葱油凉拌藕片
1519,金玉良缘
1520,芝士烩波士顿龙虾
1521,油焖麻辣虾
1522,焖猪手
1523,辣炒鱿鱼
1524,自制猪肉脯
1525,避风塘炒蟹
1526,剁椒鱼头
1527,凉拌菠菜
1528,芹菜炒腰花
1529,爆炒猪肝
1530,蒜蓉生蚝
1531,"蒙古烤羊腿


"
1532,干锅田鸡
1533,肉丁茄子
1534,凉拌菠菜
1535,快炒黄鳝
1536,炝炒大白菜
1537,谷稻小庄 
1538,孜然羊排
1539,酸辣藕丁
1540,南瓜枸杞小饼干
1541,白饭/大碗
1542,38度剑南春 
1543,"照烧鸡腿


"
1544,番茄蛋汤
1545,清蒸蝶鱼
1546,桂圆肉红豆八宝饭
1547,"泡椒凤爪


"
1548,冰镇花螺
1549,爆炒鸡翅
1550,白饭/小碗
1551,麻辣小龙虾
1552,豌豆薯仔猪骨汤
1553,凉拌菠菜
1554,辣炒鱿鱼
1555,芝士烩波士顿龙虾
1556,倒立蒸梭子蟹
1557,清蒸海鱼
1558,"番茄炖牛腩


"
1559,孜然羊排
1560,金玉良缘
1561,炝炒大白菜
1562,美妙绝伦之白莲花
1563,芝士烩波士顿龙虾
1564,葱姜炒蟹
1565,50度古井贡酒
1566,白饭/大碗
1567,辣炒鱿鱼
1568,孜然羊排
1569,酸辣藕丁
1570,干锅田鸡
1571,炝炒大白菜
1572,培根花菜
1573,冬瓜炒苦瓜
1574,53度茅台
1575,糖醋蕃茄溜青花
1576,五色糯米饭(七色)
1577,清爽拌凉面
1578,广式虾仁肠粉
1579,蛋挞
1580,孜然羊排
1581,糖醋蕃茄溜青花
1582, 北冰洋汽水 
1583,白饭/大碗
1584,番茄蛋汤
1585,香辣腐乳炒虾
1586,水煮鱼
1587,白饭/小碗
1588,番茄有机花菜
1589,意文柠檬汁 
1590,海带结豆腐汤
1591,番茄甘蓝
1592,谷稻小庄 
1593,"番茄炖牛腩


"
1594,黑米恋上葡萄
1595,黄油曲奇饼干
1596,打卤面
1597,剁椒鱼头
1598,芝士烩波士顿龙虾
1599,香酥两吃大虾
1600,自制猪肉脯
1601,焖猪手
1602,豌豆薯仔猪骨汤
1603,谷稻小庄 
1604,芹菜炒腰花
1605,"党参黄芪炖牛尾
"
1606,辣炒鱿鱼
1607,意文柠檬汁 
1608,辣炒鱿鱼
1609,"照烧鸡腿
"
1610,剁椒鱼头
1611,水煮鱼
1612,青炒扁豆
1613,农夫山泉NFC果汁100%橙汁
1614,谷稻小庄 
1615,凉拌萝卜丝
1616,白饭/大碗
1617,凉拌菠菜
1618,白饭/大碗
1619,"蒙古烤羊腿


"
1620,凉拌菠菜
1621,美妙绝伦之白莲花
1622,白饭/大碗
1623,姜葱炒花蟹
1624,芹菜炒腰花
1625,白斩鸡
1626,凉拌菠菜
1627,麻辣小龙虾
1628,五彩豆
1629,路易拉菲红酒干红
1630,纸杯蛋糕
1631,白饭/大碗
1632,"番茄炖牛腩


"
1633,番茄甘蓝
1634,牛肉鸡蛋肠粉
1635,酸辣汤面
1636,意文柠檬汁 
1637,一品香酥藕
1638,冰糖红豆薏米粥
1639,麻辣小龙虾
1640,麻辣小龙虾
1641,谷稻小庄 
1642,芝士烩波士顿龙虾
1643,美妙绝伦之白莲花
1644,香酥两吃大虾
1645,香酥两吃大虾
1646,路易拉菲红酒干红
1647,白胡椒胡萝卜羊肉汤
1648,南瓜枸杞小饼干
1649,白饭/大碗
1650,"蒙古烤羊腿


"
1651,番茄甘蓝
1652,西瓜胡萝卜沙拉
1653,"独家薄荷鲜虾牛肉卷


"
1654,芹黄鳝丝
1655,重庆特色油烧兔
1656,白饭/大碗
1657,盘蟹蒸蛋
1658,清蒸蝶鱼
1659,牛尾汤
1660,白胡椒胡萝卜羊肉汤
1661,金玉良缘
1662,番茄炖秋葵
1663,谷稻小庄 
1664,咖啡奶香面包
1665,白饭/大碗
1666,牛肉鸡蛋肠粉
1667,"小炒羊腰


"
1668,美妙绝伦之白莲花
1669,辣炒花蛤
1670,水煮鱼
1671,爆炒鸡翅
1672,凉拌蒜蓉西兰花
1673,哈尔滨啤酒罐装
1674,皮蛋瘦肉粥
1675,桂圆肉红豆八宝饭
1676,山药养生粥
1677,焖猪手
1678,芝士烩波士顿龙虾
1679,山药养生粥
1680,芹菜炒腰花
1681,爆炒猪肝
1682,自制猪肉脯
1683,麻辣小龙虾
1684,清蒸海鱼
1685,清蒸蝶鱼
1686,美妙绝伦之白莲花
1687,辣炒鱿鱼
1688,炝炒大白菜
1689,谷稻小庄 
1690,大蒜苋菜
1691,凉拌菠菜
1692,"番茄炖牛腩


"
1693,桂圆肉红豆八宝饭
1694,酸辣汤面
1695,葱姜炒蟹
1696,焖猪手
1697,打卤面
1698,超人气广式肠粉
1699,土豆西红柿汤面
1700,牛肉鸡蛋肠粉
1701,"番茄炖牛腩


"
1702,拌土豆丝
1703,花蛤蒸蛋
1704,香酥两吃大虾
1705,豌豆薯仔猪骨汤
1706,芝士烩波士顿龙虾
1707,焖猪手
1708,焖猪手
1709,爆炒猪肝
1710,意文柠檬汁 
1711,自制猪肉脯
1712,小米南瓜粥
1713,爆炒猪肝
1714,芹菜炒腰花
1715,剁椒鱼头
1716,自制猪肉脯
1717,辣炒鱿鱼
1718,芹菜炒腰花
1719,美妙绝伦之白莲花
1720,香菇鸡肉粥
1721,凉拌菠菜
1722,剁椒鱼头
1723,白饭/大碗
1724,谷稻小庄 
1725,清蒸海鱼
1726,黄尾袋鼠西拉子红葡萄酒
1727,香酥两吃大虾
1728,凉拌菠菜
1729,凉拌蒜蓉西兰花
1730,桂圆肉红豆八宝饭
1731,剁椒鱼头
1732,蒜香辣花甲
1733,盘蟹蒸蛋
1734,清蒸蝶鱼
1735,白胡椒胡萝卜羊肉汤
1736,凉拌菠菜
1737,白饭/小碗
1738,香辣腐乳炒虾
1739,芝士烩波士顿龙虾
1740,麻辣小龙虾
1741,水煮鱼
1742,清蒸海鱼
1743,番茄炖秋葵
1744,清炒菊花菜
1745,53度茅台
1746,黑米恋上葡萄
1747,番茄甘蓝
1748,清蒸蝶鱼
1749,剁椒鱼头
1750,葱油凉拌藕片
1751,芹菜炒腰花
1752,焖猪手
1753,蒜香辣花甲
1754,辣炒花蛤
1755,蒜蓉生蚝
1756,番茄蛋汤
1757,"番茄炖牛腩


"
1758,紫薯面包卷
1759,"照烧鸡腿


"
1760,桂圆肉红豆八宝饭
1761,番茄甘蓝
1762,西瓜胡萝卜沙拉
1763,爆炒双丝
1764,香菇鹌鹑蛋
1765,38度剑南春 
1766,桂圆肉红豆八宝饭
1767,五色糯米饭(七色)
1768,香酥两吃大虾
1769,意文柠檬汁 
1770,广式虾仁肠粉
1771,爆炒鸡翅
1772,"照烧鸡腿


"
1773,鱼香肉丝拌面
1774,番茄有机花菜
1775,清蒸海鱼
1776,自制猪肉脯
1777,辣炒鱿鱼
1778,皮蛋瘦肉粥
1779,水煮鱼
1780,谷稻小庄 
1781,农夫山泉NFC果汁100%橙汁
1782,炝炒大白菜
1783,凉拌蒜蓉西兰花
1784,南瓜枸杞小饼干
1785,五色糯米饭(七色)
1786,"番茄炖牛腩


"
1787,清爽拌凉面
1788,蒜香包
1789,"香烤牛排


"
1790,白斩鸡
1791,葱油凉拌藕片
1792,番茄炖秋葵
1793,培根紫菜卷
1794,黄尾袋鼠西拉子红葡萄酒
1795,清炒菊花菜
1796,凉拌蒜蓉西兰花
1797,啤酒鸭
1798,番茄蛋汤
1799,水煮鱼
1800,白斩鸡
1801,糖醋蕃茄溜青花
1802,爆炒双丝
1803,番茄炖秋葵
1804,番茄有机花菜
1805,美妙绝伦之白莲花
1806,炝炒大白菜
1807,大蒜苋菜
1808,麻辣小龙虾
1809,油焖麻辣虾
1810,谷稻小庄 
1811,长城窖酿解百纳红酒干红葡萄酒
1812,"独家薄荷鲜虾牛肉卷


"
1813,油焖麻辣虾
1814,白饭/大碗
1815,爆炒双丝
1816,五彩藕苗
1817,炝炒大白菜
1818,青炒扁豆
1819,番茄有机花菜
1820,辣炒田螺
1821,凉拌菠菜
1822,盘蟹蒸蛋
1823,倒立蒸梭子蟹
1824,肉丁茄子
1825,清蒸蝶鱼
1826,白饭/大碗
1827,谷稻小庄 
1828,清蒸海鱼
1829,剁椒鱼头
1830,"蒙古烤羊腿


"
1831,啤酒鸭
1832,三色凉拌手撕兔
1833,白胡椒胡萝卜羊肉汤
1834,农夫山泉NFC果汁100%橙汁
1835,拌土豆丝
1836,白饭/大碗
1837,凉拌萝卜丝
1838,麻辣小龙虾
1839,清蒸海鱼
1840,凉拌菠菜
1841,"番茄炖牛腩


"
1842,芝士烩波士顿龙虾
1843,油焖麻辣虾
1844,白饭/大碗
1845,番茄甘蓝
1846,谷稻小庄 
1847,孜然羊排
1848,红酒炖羊肉
1849,桂圆肉红豆八宝饭
1850,紫薯面包卷
1851,盘蟹蒸蛋
1852,番茄甘蓝
1853,葱油凉拌藕片
1854,"香烤牛排


"
1855,清蒸蝶鱼
1856,避风塘炒蟹
1857,香辣腐乳炒虾
1858,爆炒猪肝
1859,辣炒田螺
1860,重庆特色油烧兔
1861,木须豌豆
1862,干锅田鸡
1863,凉拌菠菜
1864,金玉良缘
1865,冬瓜炒苦瓜
1866,"张裕葡萄酒张裕赤霞珠干红


"
1867,蛋挞
1868,谷稻小庄 
1869,38度剑南春 
1870,葡萄奶酥(超酥香的饼干)
1871,"独家薄荷鲜虾牛肉卷


"
1872,牛奶卷
1873,老式面包
1874,白饭/大碗
1875,超人气广式肠粉
1876,香菇鸡肉粥
1877,山药养生粥
1878,香辣腐乳炒虾
1879,芝士烩波士顿龙虾
1880,葱姜炒蟹
1881,"番茄炖牛腩


"
1882,辣炒鱿鱼
1883,香辣腐乳炒虾
1884,打卤面
1885,"党参黄芪炖牛尾


"
1886,西瓜胡萝卜沙拉
1887,西瓜胡萝卜沙拉
1888,50度古井贡酒
1889,金玉良缘
1890,凉拌蒜蓉西兰花
1891,纸杯蛋糕
1892,白饭/大碗
1893,白饭/大碗
1894,意文柠檬汁 
1895,芝士烩波士顿龙虾
1896,避风塘炒蟹
1897,桂圆枸杞鸽子汤
1898,美妙绝伦之白莲花
1899,白饭/大碗
1900,意文柠檬汁 
1901,"照烧鸡腿


"
1902,培根紫菜卷
1903,自制猪肉脯
1904,大蒜苋菜
1905,山药养生粥
1906,"香辣爆羊肝


"
1907,西瓜胡萝卜沙拉
1908,"香烤牛排


"
1909,油焖麻辣虾
1910,辣炒田螺
1911,牛尾汤
1912,蒜香辣花甲
1913,杭椒鸡珍
1914,番茄蛋汤
1915,培根花菜
1916,白斩鸡
1917,番茄有机花菜
1918,冬瓜炒苦瓜
1919,花蛤蒸蛋
1920,爆炒猪肝
1921,"香烤牛排


"
1922,辣炒花蛤
1923,番茄甘蓝
1924,凉拌蒜蓉西兰花
1925,糖醋蕃茄溜青花
1926,老式面包
1927,油焖麻辣虾
1928,爆炒鸡翅
1929,蒜香包
1930,皮蛋瘦肉粥
1931,五色糯米饭(七色)
1932,水煮鱼
1933,蛋挞
1934,白饭/小碗
1935,"番茄炖牛腩


"
1936,清爽拌凉面
1937,麻辣小龙虾
1938,谷稻小庄 
1939,白饭/小碗
1940,豌豆薯仔猪骨汤
1941,凉拌蒜蓉西兰花
1942,芝士烩波士顿龙虾
1943,水煮鱼
1944,啤酒鸭
1945,"香辣爆羊肝


"
1946,白饭/大碗
1947,打卤面
1948,清蒸海鱼
1949,香菇鹌鹑蛋
1950,油焖麻辣虾
1951,谷稻小庄 
1952,培根紫菜卷
1953,白胡椒胡萝卜羊肉汤
1954,肉丁茄子
1955,芹菜炒腰花
1956,核桃葡萄干土司
1957,"照烧鸡腿


"
1958,清爽拌凉面
1959,酸辣藕丁
1960,辣炒鱿鱼
1961,"番茄炖牛腩


"
1962,葱油凉拌藕片
1963,南瓜芝士包
1964,番茄有机花菜
1965,金玉良缘
1966,肉丁茄子
1967,蛋挞
1968,自制猪肉脯
1969,蒜香辣花甲
1970,农夫山泉NFC果汁100%橙汁
1971,蒜香包
1972,牛尾汤
1973,百里香奶油烤红酒牛肉
1974,避风塘炒蟹
1975,辣炒海带丝
1976,盘蟹蒸蛋
1977,白饭/大碗
1978,"蒙古烤羊腿


"
1979,芝士烩波士顿龙虾
1980,爆炒双丝
1981,凉拌萝卜丝
1982,鱼香肉丝拌面
1983,山药养生粥
1984,麻辣小龙虾
1985,剁椒鱼头
1986,长城窖酿解百纳红酒干红葡萄酒
1987,辣炒田螺
1988, 北冰洋汽水 
1989,香酥两吃大虾
1990,不加一滴油的酸奶蛋糕
1991,"小炒羊腰


"
1992,"党参黄芪炖牛尾


"
1993,鲜美鳝鱼
1994,香菇鹌鹑蛋
1995,凉拌菠菜
1996,芝麻烤紫菜
1997,凉拌菠菜
1998,山药养生粥
1999,葡萄奶酥(超酥香的饼干)
2000,芝士烩波士顿龙虾
2001,53度茅台
2002,孜然羊排
2003,爆炒双丝
2004,凉拌菠菜
2005,孜然羊排
2006,"香辣爆羊肝


"
2007,油焖麻辣虾
2008,培根花菜
2009,盘蟹蒸蛋
2010,清蒸海鱼
2011,香菇鹌鹑蛋
2012,芝士烩波士顿龙虾
2013,糖醋蕃茄溜青花
2014,避风塘炒蟹
2015,路易拉菲红酒干红
2016,培根紫菜卷
2017,白斩鸡
2018,青岛啤酒罐装
2019,"番茄炖牛腩


"
2020,白饭/小碗
2021,凉拌蒜蓉西兰花
2022,木须豌豆
2023,凉拌菠菜
2024,清蒸蝶鱼
2025,培根花菜
2026,啤酒鸭
2027,意文柠檬汁 
2028,炝炒大白菜
2029,芝麻烤紫菜
2030,青岛啤酒罐装
2031,白饭/大碗
2032,谷稻小庄 
2033,清炒菊花菜
2034,凉拌萝卜丝
2035,百威啤酒罐装
2036,老式面包
2037,白饭/小碗
2038,一品香酥藕
2039,"香烤牛排


"
2040,蛋挞
2041,"五香酱驴肉


"
2042,自制猪肉脯
2043,小米南瓜粥
2044,番茄蛋汤
2045,豌豆薯仔猪骨汤
2046,白饭/大碗
2047,老式面包
2048,"香烤牛排


"
2049,谷稻小庄 
2050,重庆特色油烧兔
2051,木须豌豆
2052,冬瓜炒苦瓜
2053,白饭/大碗
2054,焖猪手
2055,五色糯米饭(七色)
2056,谷稻小庄 
2057,鱼香肉丝拌面
2058,辣炒田螺
2059,黄花菜炒木耳
2060,凉拌海带豆芽紫菜
2061,五色糯米饭(七色)
2062,大理石奶油蛋糕
2063,紫薯面包卷
2064,葱姜炒蟹
2065,麻辣小龙虾
2066,花蛤蒸蛋
2067,辣炒鱿鱼
2068,"香烤牛排


"
2069,干锅田鸡
2070,"蒙古烤羊腿


"
2071,芹菜炒腰花
2072,木须豌豆
2073,凉拌菠菜
2074,黄花菜炒木耳
2075,糖醋蕃茄溜青花
2076,凉拌蒜蓉西兰花
2077,爆炒双丝
2078,西瓜胡萝卜沙拉
2079,番茄甘蓝
2080,桂圆肉红豆八宝饭
2081,小米南瓜粥
2082,宝宝版牛肉肠粉
2083,53度茅台
2084,蛋挞
2085,盘蟹蒸蛋
2086,香酥两吃大虾
2087,油焖麻辣虾
2088,香辣腐乳炒虾
2089,香辣腐乳炒虾
2090,清蒸海鱼
2091,豌豆薯仔猪骨汤
2092,美妙绝伦之白莲花
2093,"香烤牛排


"
2094,辣炒花蛤
2095,大蒜苋菜
2096,冰镇花螺
2097,番茄炖秋葵
2098,水煮鱼
2099,番茄蛋汤
2100,番茄甘蓝
2101,"香辣爆羊肝


"
2102,爆炒鸡翅
2103,香菇鹌鹑蛋
2104,葡萄奶酥(超酥香的饼干)
2105,核桃葡萄干土司
2106,路易拉菲红酒干红
2107,西瓜胡萝卜沙拉
2108,白斩鸡
2109,金玉良缘
2110,葡萄奶酥(超酥香的饼干)
2111,白饭/大碗
2112,长城窖酿解百纳红酒干红葡萄酒
2113,五彩藕苗
2114,葱油凉拌藕片
2115,番茄炖秋葵
2116,紫薯面包卷
2117,牛肉鸡蛋肠粉
2118,水煮鱼
2119,白饭/大碗
2120,香菇鸡肉粥
2121,"香烤牛排


"
2122,"蒙古烤羊腿


"
2123,蒜香辣花甲
2124,芝士烩波士顿龙虾
2125,水煮鱼
2126,酸辣藕丁
2127,香辣腐乳炒虾
2128,芝士烩波士顿龙虾
2129,水煮鱼
2130,美妙绝伦之白莲花
2131,凉拌菠菜
2132,爆炒鸡翅
2133,黄花菜炒木耳
2134,玉竹南北杏鸭腿汤
2135,盘蟹蒸蛋
2136,凉拌蒜蓉西兰花
2137,清蒸蝶鱼
2138,水煮鱼
2139,清蒸海鱼
2140,香酥两吃大虾
2141,清蒸蝶鱼
2142,辣炒海带丝
2143,培根紫菜卷
2144,辣炒鱿鱼
2145,肉丁茄子
2146,辣炒田螺
2147,蛋挞
2148,孜然羊排
2149,蒜香包
2150,农夫山泉NFC果汁100%橙汁
2151,53度茅台
2152,黄尾袋鼠西拉子红葡萄酒
2153,"照烧鸡腿


"
2154,"红酒土豆烧鸭腿


"
2155,番茄有机花菜
2156,"番茄炖牛腩


"
2157,"香烤牛排


"
2158,爆炒鸡翅
2159,五色糯米饭(七色)
2160,冰糖红豆薏米粥
2161,番茄炖秋葵
2162,炝炒大白菜
2163,黄花菜炒木耳
2164,西瓜胡萝卜沙拉
2165,西瓜胡萝卜沙拉
2166,冬瓜炒苦瓜
2167,青炒扁豆
2168,蓝带啤酒罐装
2169,"张裕葡萄酒张裕赤霞珠干红


"
2170,大蒜苋菜
2171,五彩藕苗
2172,木须豌豆
2173,山药养生粥
2174,白饭/大碗
2175,剁椒鱼头
2176,辣炒花蛤
2177,清爽拌凉面
2178,桂圆肉红豆八宝饭
2179,"蒙古烤羊腿


"
2180,香酥两吃大虾
2181,清蒸蝶鱼
2182,蒜蓉生蚝
2183,爆炒鳝碌
2184,杭椒鸡珍
2185,孜然羊排
2186,培根紫菜卷
2187,谷稻小庄 
2188,"红酒土豆烧鸭腿


"
2189,"五香酱驴肉


"
2190,西瓜胡萝卜沙拉
2191,番茄有机花菜
2192,倒立蒸梭子蟹
2193, 北冰洋汽水 
2194,"红酒土豆烧鸭腿


"
2195,大理石奶油蛋糕
2196,麻辣小龙虾
2197,杭椒鸡珍
2198,"番茄炖牛腩


"
2199,香酥两吃大虾
2200,白饭/大碗
2201,番茄炖秋葵
2202,五彩豆
2203,"小炒羊腰


"
2204,糖醋蕃茄溜青花
2205,白斩鸡
2206,黄油曲奇饼干
2207,金玉良缘
2208,桂圆肉红豆八宝饭
2209,酸辣藕丁
2210,麻辣小龙虾
2211,五彩藕苗
2212,"香烤牛排


"
2213,番茄炖秋葵
2214,"张裕葡萄酒张裕赤霞珠干红


"
2215,牛肉鸡蛋肠粉
2216,番茄有机花菜
2217,凉拌菠菜
2218,蛋挞
2219, 北冰洋汽水 
2220,"张裕葡萄酒张裕赤霞珠干红


"
2221,哈尔滨啤酒罐装
2222, 北冰洋汽水 
2223,蒜香包
2224,牛奶卷
2225,五色糯米饭(七色)
2226,老式面包
2227,南瓜枸杞小饼干
2228,打卤面
2229,小米南瓜粥
2230,青岛啤酒罐装
2231,白饭/大碗
2232,谷稻小庄 
2233,爆炒猪肝
2234,山药养生粥
2235,香酥两吃大虾
2236,姜葱炒花蟹
2237,油焖麻辣虾
2238,清蒸海鱼
2239,麻辣小龙虾
2240, 北冰洋汽水 
2241,麻辣小龙虾
2242,香酥两吃大虾
2243,辣炒花蛤
2244,香辣腐乳炒虾
2245,西瓜胡萝卜沙拉
2246,百里香奶油烤红酒牛肉
2247,干锅田鸡
2248,姜葱炒花蟹
2249,肉丁茄子
2250,麻辣小龙虾
2251,避风塘炒蟹
2252,糖醋蕃茄溜青花
2253,红酒炖羊肉
2254,牛尾汤
2255,蒜香辣花甲
2256,"党参黄芪炖牛尾


"
2257,美妙绝伦之白莲花
2258,酸辣藕丁
2259,农夫山泉NFC果汁100%橙汁
2260,剁椒鱼头
2261,糖醋蕃茄溜青花
2262,"张裕葡萄酒张裕赤霞珠干红


"
2263,炝炒大白菜
2264,爆炒双丝
2265,辣炒鱿鱼
2266,五色糯米饭(七色)
2267,白饭/小碗
2268,桂圆肉红豆八宝饭
2269,皮蛋瘦肉粥
2270,冰糖红豆薏米粥
2271,黄花菜炒木耳
2272,冰镇花螺
2273,蛋挞
2274,农夫山泉NFC果汁100%橙汁
2275,番茄甘蓝
2276,白饭/小碗
2277,玉竹南北杏鸭腿汤
2278,西瓜胡萝卜沙拉
2279,青炒扁豆
2280,盘蟹蒸蛋
2281,桂圆肉红豆八宝饭
2282,"泡椒凤爪


"
2283,鱼香肉丝拌面
2284,培根花菜
2285,水煮鱼
2286,"蒙古烤羊腿


"
2287,清蒸海鱼
2288,蓝带啤酒罐装
2289,露露无糖杏仁露
2290,凉拌菠菜
2291,白饭/小碗
2292,南瓜枸杞小饼干
2293, 北冰洋汽水 
2294,南瓜枸杞小饼干
2295,啤酒鸭
2296,白饭/小碗
2297,番茄炖秋葵
2298,蒜香包
2299,冰糖红豆薏米粥
2300,白饭/大碗
2301,爆炒猪肝
2302,香菇鸡肉粥
2303,酸辣藕丁
2304,"番茄炖牛腩


"
2305,豌豆薯仔猪骨汤
2306,孜然羊排
2307,咖啡奶香面包
2308,老式面包
2309,清爽拌凉面
2310,香酥两吃大虾
2311,爆炒猪肝
2312,焖猪手
2313,清蒸海鱼
2314,剁椒鱼头
2315,凉拌菠菜
2316,凉拌蒜蓉西兰花
2317,谷稻小庄 
2318,桂圆肉红豆八宝饭
2319,辣炒海带丝
2320,香酥两吃大虾
2321,焖猪手
2322,"香烤牛排


"
2323,皮蛋瘦肉粥
2324,倒立蒸梭子蟹
2325,水煮鱼
2326,豌豆薯仔猪骨汤
2327,葡萄奶酥(超酥香的饼干)
2328,麻辣小龙虾
2329,五色糯米饭(七色)
2330,芹菜炒腰花
2331,"香烤牛排


"
2332, 42度海之蓝
2333,剁椒鱼头
2334,麻辣小龙虾
2335,凉拌菠菜
2336,糖醋蕃茄溜青花
2337,糖醋蕃茄溜青花
2338,白饭/小碗
2339,一品香酥藕
2340,酸辣藕丁
2341,焖猪手
2342,芝士烩波士顿龙虾
2343,皮蛋瘦肉粥
2344,黄尾袋鼠西拉子红葡萄酒
2345,爆炒猪肝
2346,芹菜炒腰花
2347,白饭/大碗
2348,自制猪肉脯
2349,清蒸蝶鱼
2350,辣炒鱿鱼
2351,清蒸海鱼
2352,山药养生粥
2353,黑米恋上葡萄
2354,番茄有机花菜
2355,谷稻小庄 
2356,大蒜苋菜
2357,炝炒大白菜
2358,美妙绝伦之白莲花
2359,芝士烩波士顿龙虾
2360,桂圆肉红豆八宝饭
2361,清蒸海鱼
2362,爆炒猪肝
2363,凉拌菠菜
2364,53度茅台
2365,倒立蒸梭子蟹
2366,牛尾汤
2367,孜然羊排
2368,白饭/大碗
2369,"照烧鸡腿
"
2370,辣炒海带丝
2371,香菇鹌鹑蛋
2372,山药养生粥
2373,凉拌萝卜丝
2374,葱姜炒蟹
2375,老式面包
2376,培根花菜
2377,白饭/大碗
2378,"番茄炖牛腩
"
2379,自制猪肉脯
2380,蒜蓉生蚝
2381,芝士烩波士顿龙虾
2382,辣炒鱿鱼
2383,辣炒海带丝
2384,清蒸海鱼
2385,金玉良缘
2386,水煮鱼
2387,"照烧鸡腿
"
2388,白斩鸡
2389,"照烧鸡腿


"
2390,培根紫菜卷
2391,五彩藕苗
2392,白饭/大碗
2393,葱油凉拌藕片
2394,凉拌菠菜
2395,意文柠檬汁 
2396,谷稻小庄 
2397,鸡蛋、肉末肠粉
2398,超人气广式肠粉
2399,黄尾袋鼠西拉子红葡萄酒
2400,核桃葡萄干土司
2401,麻辣小龙虾
2402,香菇鹌鹑蛋
2403,姜葱炒花蟹
2404,意文柠檬汁 
2405,爆炒猪肝
2406,广式虾仁肠粉
2407,辣炒鱿鱼
2408,冰糖红豆薏米粥
2409,葱姜炒蟹
2410,麻辣小龙虾
2411,白胡椒胡萝卜羊肉汤
2412,孜然羊排
2413,"香烤牛排


"
2414,香酥两吃大虾
2415,凉拌菠菜
2416,芝麻烤紫菜
2417,爆炒双丝
2418,杭椒鸡珍
2419,香辣腐乳炒虾
2420,农夫山泉NFC果汁100%橙汁
2421,蓝带啤酒罐装
2422,木须豌豆
2423,番茄有机花菜
2424,豌豆薯仔猪骨汤
2425,谷稻小庄 
2426,美妙绝伦之白莲花
2427,清蒸海鱼
2428,凉拌菠菜
2429,五色糯米饭(七色)
2430,纸杯蛋糕
2431,五色糯米饭(七色)
2432,西瓜胡萝卜沙拉
2433,桂圆肉红豆八宝饭
2434,辣炒鱿鱼
2435,"独家薄荷鲜虾牛肉卷
"
2436,"党参黄芪炖牛尾
"
2437,美妙绝伦之白莲花
2438,爆炒双丝
2439, 北冰洋汽水 
2440,辣炒鱿鱼
2441,白饭/小碗
2442,凉拌菠菜
2443,炝炒大白菜
2444,盘蟹蒸蛋
2445,姜葱炒花蟹
2446,白饭/小碗
2447,辣炒花蛤
2448,"香辣爆羊肝


"
2449,油焖麻辣虾
2450,剁椒鱼头
2451,葱油凉拌藕片
2452,老式面包
2453,白饭/大碗
2454,青岛啤酒罐装
2455,肉丁茄子
2456,黑米恋上葡萄
2457, 北冰洋汽水 
2458,白饭/小碗
2459,超人气广式肠粉
2460,糖醋蕃茄溜青花
2461,爆炒鳝碌
2462,核桃葡萄干土司
2463,"番茄炖牛腩


"
2464,重庆特色油烧兔
2465,桂圆枸杞鸽子汤
2466,麻辣小龙虾
2467,爆炒猪肝
2468,法国波尔多AOC干红葡萄酒原
2469,辣炒鱿鱼
2470,蛋挞
2471,清炒菊花菜
2472,冰糖红豆薏米粥
2473,清蒸海鱼
2474,皮蛋瘦肉粥
2475,番茄炖秋葵
2476,农夫山泉NFC果汁100%橙汁
2477,土豆西红柿汤面
2478,谷稻小庄 
2479,桂圆肉红豆八宝饭
2480,炝炒大白菜
2481,美妙绝伦之白莲花
2482,凉拌菠菜
2483,凉拌蒜蓉西兰花
2484,红酒炖羊肉
2485,"泡椒凤爪


"
2486,核桃葡萄干土司
2487,芝士烩波士顿龙虾
2488,豌豆薯仔猪骨汤
2489,焖猪手
2490,清蒸蝶鱼
2491,芝士烩波士顿龙虾
2492,谷稻小庄 
2493,桂圆肉红豆八宝饭
2494,孜然羊排
2495,番茄甘蓝
2496,拌土豆丝
2497,培根花菜
2498,黄花菜炒木耳
2499,白饭/大碗
2500,谷稻小庄 
2501,香酥两吃大虾
2502,辣炒鱿鱼
2503,爆炒猪肝
2504,"照烧鸡腿


"
2505,芹菜炒腰花
2506,炝炒大白菜
2507,凉拌菠菜
2508,清炒菊花菜
2509,谷稻小庄 
2510,青炒扁豆
2511,南瓜枸杞小饼干
2512,南瓜芝士包
2513,牛奶卷
2514,小米南瓜粥
2515,白饭/大碗
2516,焖猪手
2517,冰糖红豆薏米粥
2518,辣炒田螺
2519,香菇鸡肉粥
2520,花蛤蒸蛋
2521,牛尾汤
2522,辣炒鱿鱼
2523,"照烧鸡腿


"
2524,一品香酥藕
2525,清爽拌凉面
2526,拌土豆丝
2527,凉拌蒜蓉西兰花
2528,"红酒土豆烧鸭腿


"
2529,长城窖酿解百纳红酒干红葡萄酒
2530,桂圆肉红豆八宝饭
2531,辣炒田螺
2532,培根紫菜卷
2533,爆炒双丝
2534,意文柠檬汁 
2535,番茄炖秋葵
2536,爆炒鸡翅
2537, 北冰洋汽水 
2538,白饭/小碗
2539,白饭/小碗
2540,香辣腐乳炒虾
2541,"香辣爆羊肝


"
2542,辣炒鱿鱼
2543,西瓜胡萝卜沙拉
2544,香辣腐乳炒虾
2545,芝士烩波士顿龙虾
2546,牛奶卷
2547,打卤面
2548,盘蟹蒸蛋
2549,香酥两吃大虾
2550,白饭/大碗
2551,谷稻小庄 
2552,蒜香辣花甲
2553,辣炒海带丝
2554,"照烧鸡腿


"
2555,姜葱炒花蟹
2556,"蒙古烤羊腿


"
2557,焖猪手
2558,爆炒鸡翅
2559,白胡椒胡萝卜羊肉汤
2560,酸辣藕丁
2561,孜然羊排
2562,葱油凉拌藕片
2563,香菇鹌鹑蛋
2564,山药养生粥
2565,辣炒海带丝
2566,"番茄炖牛腩


"
2567,西瓜胡萝卜沙拉
2568,凉拌萝卜丝
2569,大理石奶油蛋糕
2570,西瓜胡萝卜沙拉
2571,凉拌菠菜
2572,香酥两吃大虾
2573,美妙绝伦之白莲花
2574,番茄炖秋葵
2575,53度茅台
2576,自制猪肉脯
2577,香菇鹌鹑蛋
2578,38度剑南春 
2579,凉拌蒜蓉西兰花
2580,白饭/小碗
2581,不加一滴油的酸奶蛋糕
2582,大理石奶油蛋糕
2583,南瓜枸杞小饼干
2584,53度茅台
2585,纸杯蛋糕
2586,蒜香辣花甲
2587,麻辣小龙虾
2588,桂圆肉红豆八宝饭
2589,百里香奶油烤红酒牛肉
2590,冰镇花螺
2591,白饭/小碗
2592,焖猪手
2593,豌豆薯仔猪骨汤
2594,爆炒鸡翅
2595,啤酒鸭
2596,麻辣小龙虾
2597,凉拌蒜蓉西兰花
2598,芝士烩波士顿龙虾
2599,"蒙古烤羊腿


"
2600,油焖麻辣虾
2601,麻辣小龙虾
2602,"独家薄荷鲜虾牛肉卷


"
2603,水煮鱼
2604,"番茄炖牛腩


"
2605,清爽拌凉面
2606,"香烤牛排


"
2607,紫薯面包卷
2608,辣炒鱿鱼
2609,剁椒鱼头
2610,清蒸海鱼
2611,谷稻小庄 
2612,意文柠檬汁 
2613,打卤面
2614,芝士烩波士顿龙虾
2615,蒜香包
2616,鱼香肉丝拌面
2617,"五香酱驴肉


"
2618,五色糯米饭(七色)
2619,白斩鸡
2620,南瓜芝士包
2621,番茄甘蓝
2622,培根紫菜卷
2623,香酥两吃大虾
2624,杭椒鸡珍
2625,芝麻烤紫菜
2626,清蒸蝶鱼
2627,海带结豆腐汤
2628,啤酒鸭
2629,法国波尔多AOC干红葡萄酒原
2630,麻辣小龙虾
2631,培根紫菜卷
2632,香菇鸡肉粥
2633,蓝带啤酒罐装
2634,芝麻烤紫菜
2635,爆炒鸡翅
2636,清蒸海鱼
2637,蒜蓉生蚝
2638,白胡椒胡萝卜羊肉汤
2639,"独家薄荷鲜虾牛肉卷


"
2640,西瓜胡萝卜沙拉
2641,剁椒鱼头
2642,五色糯米饭(七色)
2643,避风塘炒蟹
2644,"香烤牛排


"
2645,爆炒猪肝
2646,孜然羊排
2647,凉拌蒜蓉西兰花
2648,葱油凉拌藕片
2649,清炒菊花菜
2650,焖猪手
2651,炝炒大白菜
2652,香酥两吃大虾
2653,爆炒鸡翅
2654,美妙绝伦之白莲花
2655,白胡椒胡萝卜羊肉汤
2656,黄花菜炒木耳
2657,木须豌豆
2658,爆炒猪肝
2659,黄花菜炒木耳
2660,干锅田鸡
2661,快炒黄鳝
2662,"五香酱驴肉


"
2663,辣炒鱿鱼
2664,"蒙古烤羊腿


"
2665,凉拌菠菜
2666,五色糯米饭(七色)
2667,黄油曲奇饼干
2668, 42度海之蓝
2669,豌豆薯仔猪骨汤
2670,糖醋蕃茄溜青花
2671,冰糖红豆薏米粥
2672,芝士烩波士顿龙虾
2673,大蒜苋菜
2674,50度古井贡酒
2675,谷稻小庄 
2676,白饭/大碗
2677,香酥两吃大虾
2678,爆炒猪肝
2679,辣炒鱿鱼
2680,五彩豆
2681,番茄有机花菜
2682,水煮鱼
2683,白饭/大碗
2684,路易拉菲红酒干红
2685,花蛤蒸蛋
2686,"香烤牛排


"
2687,焖猪手
2688,白饭/大碗
2689,谷稻小庄 
2690,冰糖红豆薏米粥
2691,"蒙古烤羊腿


"
2692,自制猪肉脯
2693,倒立蒸梭子蟹
2694,法国波尔多AOC干红葡萄酒原
2695,爆炒鸡翅
2696,糖醋蕃茄溜青花
2697,凉拌菠菜
2698,凉拌蒜蓉西兰花
2699,香酥两吃大虾
2700,孜然羊排
2701,"独家薄荷鲜虾牛肉卷


"
2702,凉拌菠菜
2703,西瓜胡萝卜沙拉
2704,五色糯米饭(七色)
2705,爆炒双丝
2706,番茄甘蓝
2707,小米南瓜粥
2708,糖醋蕃茄溜青花
2709,清爽拌凉面
2710,清爽拌凉面
2711,油焖麻辣虾
2712,白饭/小碗
2713,百里香奶油烤红酒牛肉
2714,"香辣爆羊肝


"
2715,炝炒大白菜
2716,芹菜炒腰花
2717,爆炒双丝
2718,姜葱炒花蟹
2719,拌土豆丝
2720,五彩豆
2721,培根花菜
2722,辣炒鱿鱼
2723,焖猪手
2724,清蒸海鱼
2725,干锅田鸡
2726,五色糯米饭(七色)
2727,50度古井贡酒
2728,桂圆枸杞鸽子汤
2729,自制猪肉脯
2730,芹菜炒腰花
2731,谷稻小庄 
2732,凉拌菠菜
2733,白胡椒胡萝卜羊肉汤
2734,白饭/小碗
2735,蛋挞
2736,姜葱炒花蟹
2737,大蒜苋菜
2738,蒜蓉生蚝
2739,芝士烩波士顿龙虾
2740,酸辣藕丁
2741,芝士烩波士顿龙虾
2742,清蒸海鱼
2743,倒立蒸梭子蟹
2744,凉拌菠菜
2745,"独家薄荷鲜虾牛肉卷


"
2746,白斩鸡
2747,花蛤蒸蛋
2748,百里香奶油烤红酒牛肉
2749,爆炒鸡翅
2750,爆炒鳝碌
2751,培根花菜
2752,紫薯面包卷
2753,炝炒大白菜
2754,黄尾袋鼠西拉子红葡萄酒
2755,孜然羊排
2756,"泡椒凤爪


"
2757,"蒙古烤羊腿


"
2758,爆炒猪肝
2759,不加一滴油的酸奶蛋糕
2760,红酒炖羊肉
2761,"红酒土豆烧鸭腿


"
2762,剁椒鱼头
2763,芝士烩波士顿龙虾
2764,白胡椒胡萝卜羊肉汤
2765,辣炒鱿鱼
2766,焖猪手
2767,避风塘炒蟹
2768,番茄炖秋葵
2769,"蒙古烤羊腿


"
2770,凉拌菠菜
2771,拌土豆丝
2772,蒜香辣花甲
2773,香酥两吃大虾
2774,"香烤牛排


"
2775,白胡椒胡萝卜羊肉汤
2776,爆炒猪肝
2777,桂圆肉红豆八宝饭
2778,"张裕葡萄酒张裕赤霞珠干红


"
2779,38度剑南春 
2780,"照烧鸡腿


"
2781,白饭/小碗
2782,五色糯米饭(七色)
2783,香菇鹌鹑蛋
2784, 北冰洋汽水 
2785,水煮鱼
2786,"独家薄荷鲜虾牛肉卷


"
2787,不加一滴油的酸奶蛋糕
2788,谷稻小庄 
2789,芹菜炒腰花
2790,超人气广式肠粉
2791, 北冰洋汽水 
2792,焖猪手
2793,西瓜胡萝卜沙拉
2794,农夫山泉NFC果汁100%橙汁
2795,桂圆肉红豆八宝饭
2796,凉拌萝卜丝
2797,大蒜苋菜
2798,露露无糖杏仁露
2799,香酥两吃大虾
2800,五彩藕苗
2801,清蒸蝶鱼
2802,炝炒大白菜
2803,香酥两吃大虾
2804,"独家薄荷鲜虾牛肉卷


"
2805,谷稻小庄 
2806,白饭/小碗
2807,纸杯蛋糕
2808,西瓜胡萝卜沙拉
2809,农夫山泉NFC果汁100%橙汁
2810,糖醋蕃茄溜青花
2811,冰糖红豆薏米粥
2812,大理石奶油蛋糕
2813,自制猪肉脯
2814,白饭/大碗
2815,白斩鸡
2816,谷稻小庄 
2817,白饭/大碗
2818,五色糯米饭(七色)
2819,爆炒鸡翅
2820,豌豆薯仔猪骨汤
2821,清蒸海鱼
2822,豌豆薯仔猪骨汤
2823,红酒炖羊肉
2824,一品香酥藕
2825,海带结豆腐汤
2826,干锅田鸡
2827,"蒙古烤羊腿


"
2828,香酥两吃大虾
2829,爆炒双丝
2830,谷稻小庄 
2831,凉拌菠菜
2832,白饭/大碗
2833,水煮鱼
2834,凉拌菠菜
2835,清炒菊花菜
2836,自制猪肉脯
2837,白饭/小碗
2838,清蒸蝶鱼
2839,"番茄炖牛腩


"
2840,白饭/大碗
2841,糖醋蕃茄溜青花
2842,"红酒土豆烧鸭腿


"
2843,"张裕葡萄酒张裕赤霞珠干红


"
2844,姜葱炒花蟹
2845,"番茄炖牛腩


"
2846,爆炒鸡翅
2847,"红酒土豆烧鸭腿


"
2848,"香辣爆羊肝


"
2849,香菇鹌鹑蛋
2850,黄花菜炒木耳
2851,香辣腐乳炒虾
2852,香酥两吃大虾
2853,拌土豆丝
2854,香菇鹌鹑蛋
2855,西瓜胡萝卜沙拉
2856,凉拌蒜蓉西兰花
2857,焖猪手
2858,牛尾汤
2859,纸杯蛋糕
2860,麻辣小龙虾
2861,爆炒猪肝
2862,核桃葡萄干土司
2863,香菇鸡肉粥
2864,紫薯面包卷
2865,南瓜芝士包
2866,小米南瓜粥
2867,酸辣汤面
2868,白斩鸡
2869,宝宝版牛肉肠粉
2870,打卤面
2871,酸辣藕丁
2872,爆炒猪肝
2873,拌土豆丝
2874,法国波尔多AOC干红葡萄酒原
2875,谷稻小庄 
2876,剁椒鱼头
2877,黄花菜炒木耳
2878,番茄有机花菜
2879,小米南瓜粥
2880,油焖麻辣虾
2881,农夫山泉NFC果汁100%橙汁
2882,美妙绝伦之白莲花
2883,芹菜炒腰花
2884,自制猪肉脯
2885,桂圆肉红豆八宝饭
2886,鲜美鳝鱼
2887,孜然羊排
2888,盘蟹蒸蛋
2889,桂圆枸杞鸽子汤
2890,爆炒双丝
2891,培根花菜
2892,干锅田鸡
2893,麻辣小龙虾
2894,凉拌蒜蓉西兰花
2895,52度泸州老窖 
2896,凉拌菠菜
2897,红酒炖羊肉
2898,快炒黄鳝
2899,白饭/大碗
2900,番茄炖秋葵
2901,五色糯米饭(七色)
2902,"红酒土豆烧鸭腿


"
2903,红酒炖羊肉
2904,百里香奶油烤红酒牛肉
2905,大蒜苋菜
2906,"张裕葡萄酒张裕赤霞珠干红


"
2907,黄尾袋鼠西拉子红葡萄酒
2908,爆炒双丝
2909,剁椒鱼头
2910,水煮鱼
2911,白饭/大碗
2912,意文柠檬汁 
2913,麻辣小龙虾
2914,皮蛋瘦肉粥
2915,蒜香辣花甲
2916,"番茄炖牛腩


"
2917,麻辣小龙虾
2918,姜葱炒花蟹
2919,芝士烩波士顿龙虾
2920,孜然羊排
2921,焖猪手
2922,"蒙古烤羊腿


"
2923,避风塘炒蟹
2924,爆炒鸡翅
2925,盘蟹蒸蛋
2926,糖醋蕃茄溜青花
2927,凉拌蒜蓉西兰花
2928,西瓜胡萝卜沙拉
2929,"香辣爆羊肝


"
2930,美妙绝伦之白莲花
2931,酸辣藕丁
2932,谷稻小庄 
2933,剁椒鱼头
2934,自制猪肉脯
2935,凉拌蒜蓉西兰花
2936,清蒸蝶鱼
2937,爆炒双丝
2938,凉拌菠菜
2939,凉拌萝卜丝
2940,纸杯蛋糕
2941,白饭/大碗
2942,蒜香包
2943, 北冰洋汽水 
2944,桂圆肉红豆八宝饭
2945,西瓜胡萝卜沙拉
2946,小米南瓜粥
2947,酸辣藕丁
2948,"蒙古烤羊腿


"
2949,清爽拌凉面
2950,超人气广式肠粉
2951,冰糖红豆薏米粥
2952,炝炒大白菜
2953,露露无糖杏仁露
2954,炝炒大白菜
2955,酸辣汤面
2956,番茄有机花菜
2957,小米南瓜粥
2958,路易拉菲红酒干红
2959,油焖麻辣虾
2960,白胡椒胡萝卜羊肉汤
2961,香酥两吃大虾
2962,水煮鱼
2963,哈尔滨啤酒罐装
2964,"香烤牛排


"
2965,香酥两吃大虾
2966,紫薯面包卷
2967,盘蟹蒸蛋
2968,姜葱炒花蟹
2969,芝麻烤紫菜
2970,蓝带啤酒罐装
2971,五彩藕苗
2972,西瓜胡萝卜沙拉
2973,辣炒鱿鱼
2974,特醇嘉士伯啤酒罐装
2975,百威啤酒罐装
2976,老式面包
2977,清炒菊花菜
2978,桂圆肉红豆八宝饭
2979,焖猪手
2980,白饭/大碗
2981,"独家薄荷鲜虾牛肉卷


"
2982,"红酒土豆烧鸭腿


"
2983,南瓜芝士包
2984,避风塘炒蟹
2985,"香烤牛排


"
2986,"香辣爆羊肝


"
2987,桂圆枸杞鸽子汤
2988,"香辣爆羊肝


"
2989,大蒜苋菜
2990,啤酒鸭
2991,芹黄鳝丝
2992,糖醋蕃茄溜青花
2993,番茄甘蓝
2994,金玉良缘
2995,番茄有机花菜
2996,冬瓜炒苦瓜
2997,拌土豆丝
2998,青炒扁豆
2999,青炒扁豆
3000,谷稻小庄 
3001,桂圆枸杞鸽子汤
3002,爆炒猪肝
3003,不加一滴油的酸奶蛋糕
3004,葡萄奶酥(超酥香的饼干)
3005, 42度海之蓝
3006,黄尾袋鼠西拉子红葡萄酒
3007,番茄炖秋葵
3008,孜然羊排
3009,孜然羊排
3010,杭椒鸡珍
3011,麻辣小龙虾
3012,清蒸海鱼
3013,核桃葡萄干土司
3014,海带结豆腐汤
3015,培根紫菜卷
3016,白饭/大碗
3017,糖醋蕃茄溜青花
3018,培根花菜
3019,凉拌萝卜丝
3020,培根花菜
3021,"党参黄芪炖牛尾


"
3022,金玉良缘
3023,爆炒双丝
3024,白胡椒胡萝卜羊肉汤
3025,路易拉菲红酒干红
3026,"蒙古烤羊腿


"
3027,"独家薄荷鲜虾牛肉卷


"
3028,农夫山泉NFC果汁100%橙汁
3029,意文柠檬汁 
3030,哈尔滨啤酒罐装
3031,青岛啤酒罐装
3032,蛋挞
3033,紫薯面包卷
3034,不加一滴油的酸奶蛋糕
3035,葡萄奶酥(超酥香的饼干)
3036,芝士烩波士顿龙虾
3037,咖啡奶香面包
3038,"香烤牛排


"
3039,西瓜胡萝卜沙拉
3040,纸杯蛋糕
3041,白饭/大碗
3042,冰糖红豆薏米粥
3043,五色糯米饭(七色)
3044,鱼香肉丝拌面
3045,香菇鸡肉粥
3046,桂圆肉红豆八宝饭
3047,油焖麻辣虾
3048,倒立蒸梭子蟹
3049,爆炒双丝
3050,蒜蓉生蚝
3051,白饭/大碗
3052,辣炒田螺
3053,孜然羊排
3054,"番茄炖牛腩


"
3055,拌土豆丝
3056,"照烧鸡腿


"
3057,油焖麻辣虾
3058,木须豌豆
3059,凉拌菠菜
3060,糖醋蕃茄溜青花
3061,长城窖酿解百纳红酒干红葡萄酒
3062,芹菜炒腰花
3063,谷稻小庄 
3064,水煮鱼
3065,山药养生粥
3066,蓝带啤酒罐装
3067,大蒜苋菜
3068,美妙绝伦之白莲花
3069,木须豌豆
3070,蒜香包
3071,西瓜胡萝卜沙拉
3072,香菇鸡肉粥
3073,金玉良缘
3074,孜然羊排
3075,辣炒鱿鱼
3076,"香辣爆羊肝


"
3077,拌土豆丝
3078,三丝鳝鱼
3079,蛋挞
3080,"蒙古烤羊腿


"
3081,小米南瓜粥
3082,桂圆肉红豆八宝饭
3083,小米南瓜粥
3084,凉拌蒜蓉西兰花
3085,清爽拌凉面
3086,肉丁茄子
3087,红酒炖羊肉
3088,麻辣小龙虾
3089,辣炒鱿鱼
3090,芝士烩波士顿龙虾
3091,清蒸蝶鱼
3092,"蒙古烤羊腿


"
3093,香酥两吃大虾
3094,爆炒鳝碌
3095,孜然羊排
3096,桂圆枸杞鸽子汤
3097,番茄蛋汤
3098,"番茄炖牛腩


"
3099,凉拌菠菜
3100,"红酒土豆烧鸭腿


"
3101,孜然羊排
3102,酸辣藕丁
3103,五彩藕苗
3104,干锅田鸡
3105,培根花菜
3106,黄花菜炒木耳
3107,清炒菊花菜
3108,谷稻小庄 
3109,路易拉菲红酒干红
3110,路易拉菲红酒干红
3111,黄油曲奇饼干
3112,紫薯面包卷
3113,五色糯米饭(七色)
3114,重庆特色油烧兔
3115,50度古井贡酒
3116,白饭/小碗
3117,爆炒双丝
3118,海带结豆腐汤
3119,金玉良缘
3120,五色糯米饭(七色)
3121,百里香奶油烤红酒牛肉
3122,清爽拌凉面
3123,豌豆薯仔猪骨汤
3124,芝士烩波士顿龙虾
3125,姜葱炒花蟹
3126,剁椒鱼头
3127,培根紫菜卷
3128,麻辣小龙虾
3129,辣炒田螺
3130,"红酒土豆烧鸭腿
"
3131,三丝鳝鱼
3132,爆炒鸡翅
3133,白胡椒胡萝卜羊肉汤
3134,孜然羊排
3135,青岛啤酒罐装
3136,不加一滴油的酸奶蛋糕
3137,木须豌豆
3138,哈尔滨啤酒罐装
3139,一品香酥藕
3140,葡萄奶酥(超酥香的饼干)
3141,酸辣汤面
3142,"番茄炖牛腩
"
3143,"独家薄荷鲜虾牛肉卷
"
3144,芹菜炒腰花
3145,凉拌蒜蓉西兰花
3146,番茄有机花菜
3147,谷稻小庄 
3148,白饭/小碗
3149,番茄蛋汤
3150,凉拌菠菜
3151,白饭/大碗
3152,蛋挞
3153,清蒸海鱼
3154,重庆特色油烧兔
3155,辣炒花蛤
3156,打卤面
3157,酸辣藕丁
3158,香菇鸡肉粥
3159,香酥两吃大虾
3160,"五香酱驴肉
"
3161,干锅田鸡
3162,冰镇花螺
3163,爆炒鸡翅
3164,清蒸海鱼
3165,糖醋蕃茄溜青花
3166,木须豌豆
3167,冬瓜炒苦瓜
3168,凉拌蒜蓉西兰花
3169,黄花菜炒木耳
3170,青炒扁豆
3171,特醇嘉士伯啤酒罐装
3172,50度古井贡酒
3173,白饭/大碗
3174,白饭/大碗
3175,谷稻小庄 
3176,"蒙古烤羊腿


"
3177,香酥两吃大虾
3178,培根花菜
3179,杭椒鸡珍
3180,路易拉菲红酒干红
3181,白胡椒胡萝卜羊肉汤
3182,凉拌菠菜
3183,芝麻烤紫菜
3184,"照烧鸡腿


"
3185,酸辣藕丁
3186,孜然羊排
3187,蛋挞
3188,大蒜苋菜
3189,红酒炖羊肉
3190,培根紫菜卷
3191,肉丁茄子
3192,干锅田鸡
3193,白饭/小碗
3194, 北冰洋汽水 
3195,香辣腐乳炒虾
3196,油焖麻辣虾
3197,辣炒田螺
3198,水煮鱼
3199,培根紫菜卷
3200,杭椒鸡珍
3201,"红酒土豆烧鸭腿


"
3202,干锅田鸡
3203,糖醋蕃茄溜青花
3204,美妙绝伦之白莲花
3205,五彩豆
3206,青炒扁豆
3207,爆炒猪肝
3208,牛尾汤
3209,焖猪手
3210,桂圆枸杞鸽子汤
3211,凉拌萝卜丝
3212,白斩鸡
3213,辣炒鱿鱼
3214,路易拉菲红酒干红
3215,"番茄炖牛腩


"
3216,芝麻烤紫菜
3217,麻辣小龙虾
3218,水煮鱼
3219,意文柠檬汁 
3220,麻辣小龙虾
3221,自制猪肉脯
3222,鱼香肉丝拌面
3223,焖猪手
3224,爆炒猪肝
3225,芹菜炒腰花
3226,辣炒鱿鱼
3227,南瓜芝士包
3228,辣炒鱿鱼
3229,香酥两吃大虾
3230,白胡椒胡萝卜羊肉汤
3231,干锅田鸡
3232,白饭/大碗
3233,"香烤牛排


"
3234,谷稻小庄 
3235,凉拌菠菜
3236,"张裕葡萄酒张裕赤霞珠干红


"
3237,南瓜枸杞小饼干
3238,水煮鱼
3239,凉拌菠菜
3240,炝炒大白菜
3241,芝士烩波士顿龙虾
3242,"香烤牛排


"
3243,38度剑南春 
3244,倒立蒸梭子蟹
3245,五彩藕苗
3246,打卤面
3247,黑米恋上葡萄
3248,小米南瓜粥
3249,牛肉鸡蛋肠粉
3250,紫薯面包卷
3251,番茄炖秋葵
3252,红酒炖羊肉
3253,白斩鸡
3254,"五香酱驴肉


"
3255,凉拌蒜蓉西兰花
3256,蛋挞
3257,白饭/大碗
3258,农夫山泉NFC果汁100%橙汁
3259,露露无糖杏仁露
3260,芹菜炒腰花
3261,香酥两吃大虾
3262,凉拌菠菜
3263,白饭/大碗
3264,"泡椒凤爪


"
3265,玉竹南北杏鸭腿汤
3266,"五香酱驴肉


"
3267,三色凉拌手撕兔
3268,五彩豆
3269,纸杯蛋糕
3270,青炒扁豆
3271,"张裕葡萄酒张裕赤霞珠干红


"
3272,爆炒猪肝
3273,香酥两吃大虾
3274,小米南瓜粥
3275,清蒸蝶鱼
3276,香菇鸡肉粥
3277,冰糖红豆薏米粥
3278,谷稻小庄 
3279,水煮鱼
3280,露露无糖杏仁露
3281,美妙绝伦之白莲花
3282,"蒙古烤羊腿


"
3283,红酒炖羊肉
3284,炝炒大白菜
3285,核桃葡萄干土司
3286,紫薯面包卷
3287,哈尔滨啤酒罐装
3288,大理石奶油蛋糕
3289,白胡椒胡萝卜羊肉汤
3290,蓝带啤酒罐装
3291,百威啤酒罐装
3292,青岛啤酒罐装
3293,特醇嘉士伯啤酒罐装
3294,清爽拌凉面
3295,鱼香肉丝拌面
3296,酸辣汤面
3297,打卤面
3298,土豆西红柿汤面
3299,老式面包
3300,南瓜芝士包
3301,牛奶卷
3302,咖啡奶香面包
3303,白饭/大碗
3304,桂圆肉红豆八宝饭
3305,酸辣藕丁
3306,"照烧鸡腿


"
3307,葱油凉拌藕片
3308,芝士烩波士顿龙虾
3309,"蒙古烤羊腿


"
3310,姜葱炒花蟹
3311,白胡椒胡萝卜羊肉汤
3312,葱油凉拌藕片
3313,白饭/小碗
3314,"张裕葡萄酒张裕赤霞珠干红


"
3315,蛋挞
3316,麻辣小龙虾
3317,芝士烩波士顿龙虾
3318,"番茄炖牛腩


"
3319,凉拌菠菜
3320,谷稻小庄 
3321,核桃葡萄干土司
3322,倒立蒸梭子蟹
3323,番茄甘蓝
3324,油焖麻辣虾
3325,金玉良缘
3326,酸辣藕丁
3327,意文柠檬汁 
3328,"香烤牛排


"
3329,盘蟹蒸蛋
3330,白饭/小碗
3331,露露无糖杏仁露
3332, 北冰洋汽水 
3333,避风塘炒蟹
3334,打卤面
3335,美妙绝伦之白莲花
3336,"独家薄荷鲜虾牛肉卷


"
3337,蒜香辣花甲
3338,炝炒大白菜
3339,一品香酥藕
3340,白饭/小碗
3341,香酥两吃大虾
3342,自制猪肉脯
3343,意文柠檬汁 
3344,豌豆薯仔猪骨汤
3345,油焖麻辣虾
3346,炝炒大白菜
3347,"番茄炖牛腩


"
3348,"照烧鸡腿


"
3349,焖猪手
3350,辣炒鱿鱼
3351,木须豌豆
3352,意文柠檬汁 
3353,特醇嘉士伯啤酒罐装
3354,五色糯米饭(七色)
3355,麻辣小龙虾
3356,百里香奶油烤红酒牛肉
3357,清蒸海鱼
3358,西瓜胡萝卜沙拉
3359,纸杯蛋糕
3360,53度茅台
3361,"党参黄芪炖牛尾


"
3362,焖猪手
3363,干锅田鸡
3364,麻辣小龙虾
3365,五彩藕苗
3366,黑米恋上葡萄
3367,凉拌菠菜
3368,山药养生粥
3369,红酒炖羊肉
3370,葱姜炒蟹
3371,芝士烩波士顿龙虾
3372,清蒸海鱼
3373,53度茅台
3374,白饭/大碗
3375,麻辣小龙虾
3376,辣炒鱿鱼
3377,凉拌蒜蓉西兰花
3378,美妙绝伦之白莲花
3379,白饭/大碗
3380,意文柠檬汁 
3381,培根紫菜卷
3382,蒜香辣花甲
3383,爆炒鳝碌
3384,番茄甘蓝
3385,冬瓜炒苦瓜
3386,凉拌菠菜
3387,清炒菊花菜
3388,白饭/大碗
3389,50度古井贡酒
3390,麻辣小龙虾
3391,辣炒田螺
3392,辣炒花蛤
3393,麻辣小龙虾
3394,啤酒鸭
3395,自制猪肉脯
3396,皮蛋瘦肉粥
3397,谷稻小庄 
3398,农夫山泉NFC果汁100%橙汁
3399,清蒸蝶鱼
3400,辣炒鱿鱼
3401,水煮鱼
3402,谷稻小庄 
3403,凉拌蒜蓉西兰花
3404,炝炒大白菜
3405,意文柠檬汁 
3406,紫薯面包卷
3407,蒜香包
3408,紫薯面包卷
3409,核桃葡萄干土司
3410,清爽拌凉面
3411,"独家薄荷鲜虾牛肉卷


"
3412,鱼香肉丝拌面
3413,五色糯米饭(七色)
3414,金玉良缘
3415,冰糖红豆薏米粥
3416,"照烧鸡腿


"
3417,南瓜枸杞小饼干
3418,五彩藕苗
3419,麻辣小龙虾
3420,"红酒土豆烧鸭腿


"
3421,白饭/小碗
3422,小米南瓜粥
3423,番茄有机花菜
3424,培根花菜
3425,美妙绝伦之白莲花
3426,避风塘炒蟹
3427,拌土豆丝
3428,黄油曲奇饼干
3429,小米南瓜粥
3430,山药养生粥
3431,西瓜胡萝卜沙拉
3432,"香烤牛排


"
3433,蒜香包
3434,黄尾袋鼠西拉子红葡萄酒
3435,黄油曲奇饼干
3436,红酒炖羊肉
3437,麻辣小龙虾
3438,自制猪肉脯
3439,山药养生粥
3440,豌豆薯仔猪骨汤
3441,爆炒双丝
3442,清蒸蝶鱼
3443,金玉良缘
3444,谷稻小庄 
3445,纸杯蛋糕
3446,52度泸州老窖 
3447,黄油曲奇饼干
3448,"香烤牛排


"
3449,冰糖红豆薏米粥
3450,盘蟹蒸蛋
3451,蛋挞
3452,白饭/小碗
3453,冰镇花螺
3454,番茄有机花菜
3455,青岛啤酒罐装
3456,蒜香辣花甲
3457,爆炒鳝碌
3458,酸辣藕丁
3459,培根花菜
3460,培根紫菜卷
3461,法国波尔多AOC干红葡萄酒原
3462,"独家薄荷鲜虾牛肉卷


"
3463,金玉良缘
3464,五色糯米饭(七色)
3465,姜葱炒花蟹
3466,香辣腐乳炒虾
3467,焖猪手
3468,清蒸海鱼
3469,辣炒花蛤
3470,爆炒鸡翅
3471,香菇鹌鹑蛋
3472,"红酒土豆烧鸭腿


"
3473,炝炒大白菜
3474,番茄甘蓝
3475, 42度海之蓝
3476,金玉良缘
3477,葱油凉拌藕片
3478,五色糯米饭(七色)
3479,意文柠檬汁 
3480,五色糯米饭(七色)
3481,不加一滴油的酸奶蛋糕
3482,爆炒鳝碌
3483,清爽拌凉面
3484,白饭/大碗
3485,杭椒鸡珍
3486,西瓜胡萝卜沙拉
3487,"香辣爆羊肝


"
3488,肉丁茄子
3489,辣炒鱿鱼
3490,香辣腐乳炒虾
3491,盘蟹蒸蛋
3492,牛尾汤
3493,"番茄炖牛腩


"
3494,52度泸州老窖 
3495,蒜香包
3496,葡萄奶酥(超酥香的饼干)
3497,冰糖红豆薏米粥
3498,黑米恋上葡萄
3499,桂圆肉红豆八宝饭
3500,清炒菊花菜
3501,打卤面
3502,炝炒大白菜
3503,凉拌菠菜
3504,倒立蒸梭子蟹
3505,"泡椒凤爪


"
3506,红酒炖羊肉
3507,盘蟹蒸蛋
3508,芝士烩波士顿龙虾
3509,蒜香包
3510,黄花菜炒木耳
3511,糖醋蕃茄溜青花
3512,海带结豆腐汤
3513,黄尾袋鼠西拉子红葡萄酒
3514,芝麻烤紫菜
3515,青炒扁豆
3516,香酥两吃大虾
3517,麻辣小龙虾
3518,倒立蒸梭子蟹
3519,"五香酱驴肉


"
3520,百里香奶油烤红酒牛肉
3521,美妙绝伦之白莲花
3522,清蒸海鱼
3523,清炒菊花菜
3524,牛尾汤
3525,香菇鹌鹑蛋
3526,白斩鸡
3527,超人气广式肠粉
3528,麻辣小龙虾
3529,豌豆薯仔猪骨汤
3530,焖猪手
3531,芹菜炒腰花
3532,自制猪肉脯
3533,爆炒猪肝
3534,剁椒鱼头
3535,辣炒鱿鱼
3536,凉拌菠菜
3537,"蒙古烤羊腿


"
3538,姜葱炒花蟹
3539,"香烤牛排


"
3540,白饭/大碗
3541,蒜香辣花甲
3542,美妙绝伦之白莲花
3543,红酒炖羊肉
3544,清蒸海鱼
3545,香辣腐乳炒虾
3546,倒立蒸梭子蟹
3547,剁椒鱼头
3548,大蒜苋菜
3549,蒜香包
3550,美妙绝伦之白莲花
3551,花蛤蒸蛋
3552,凉拌菠菜
3553,孜然羊排
3554,凉拌蒜蓉西兰花
3555,紫薯面包卷
3556,玉竹南北杏鸭腿汤
3557,三色凉拌手撕兔
3558,爆炒猪肝
3559,焖猪手
3560,水煮鱼
3561,自制猪肉脯
3562,啤酒鸭
3563,黄花菜炒木耳
3564,爆炒猪肝
3565,培根花菜
3566,"蒙古烤羊腿


"
3567,芝士烩波士顿龙虾
3568,香辣腐乳炒虾
3569,"香辣爆羊肝


"
3570, 北冰洋汽水 
3571,快炒黄鳝
3572,倒立蒸梭子蟹
3573,清蒸海鱼
3574,五色糯米饭(七色)
3575,白斩鸡
3576,桂圆肉红豆八宝饭
3577,"香烤牛排


"
3578,麻辣小龙虾
3579,小米南瓜粥
3580,清蒸蝶鱼
3581,意文柠檬汁 
3582,红酒炖羊肉
3583,海带结豆腐汤
3584,大理石奶油蛋糕
3585,香酥两吃大虾
3586,南瓜枸杞小饼干
3587,核桃葡萄干土司
3588,紫薯面包卷
3589,三色凉拌手撕兔
3590,"番茄炖牛腩


"
3591,蓝带啤酒罐装
3592,哈尔滨啤酒罐装
3593,百威啤酒罐装
3594,鱼香肉丝拌面
3595,老式面包
3596,葱油凉拌藕片
3597,酸辣藕丁
3598,露露无糖杏仁露
3599,"照烧鸡腿


"
3600,山药养生粥
3601,培根紫菜卷
3602,黑米恋上葡萄
3603,爆炒鸡翅
3604,西瓜胡萝卜沙拉
3605,凉拌蒜蓉西兰花
3606,爆炒双丝
3607,"小炒羊腰


"
3608,香菇鹌鹑蛋
3609,不加一滴油的酸奶蛋糕
3610,凉拌菠菜
